"season","round","raceName","position","points","wins","driverAbbr","ergast_driver_id","driver_givenName","driver_familyName","constructorCode","constructorAbbr","constructor_name"
"2025","1","Australian Grand Prix","1","25","1","NOR","norris","Lando","Norris","mclaren","MCL","McLaren"
"2025","1","Australian Grand Prix","2","18","0","VER","max_verstappen","Max","Verstappen","red_bull","RED","Red Bull"
"2025","1","Australian Grand Prix","3","15","0","RUS","russell","George","Russell","mercedes","MER","Mercedes"
"2025","1","Australian Grand Prix","4","12","0","ANT","antonelli","Andrea Kimi","Antonelli","mercedes","MER","Mercedes"
"2025","1","Australian Grand Prix","5","10","0","ALB","albon","Alexander","Albon","williams","WIL","Williams"
"2025","1","Australian Grand Prix","6","8","0","STR","stroll","Lance","Stroll","aston_martin","AST","Aston Martin"
"2025","1","Australian Grand Prix","7","6","0","HUL","hulkenberg","Nico","HÃ¼lkenberg","sauber","KCK","Sauber"
"2025","1","Australian Grand Prix","8","4","0","LEC","leclerc","Charles","Leclerc","ferrari","FER","Ferrari"
"2025","1","Australian Grand Prix","9","2","0","PIA","piastri","Oscar","Piastri","mclaren","MCL","McLaren"
"2025","1","Australian Grand Prix","10","1","0","HAM","hamilton","Lewis","Hamilton","ferrari","FER","Ferrari"
"2025","1","Australian Grand Prix","11","0","0","GAS","gasly","Pierre","Gasly","alpine","ALP","Alpine F1 Team"
"2025","1","Australian Grand Prix","12","0","0","TSU","tsunoda","Yuki","Tsunoda","rb","VRB","RB F1 Team"
"2025","1","Australian Grand Prix","13","0","0","OCO","ocon","Esteban","Ocon","haas","HAA","Haas F1 Team"
"2025","1","Australian Grand Prix","14","0","0","BEA","bearman","Oliver","Bearman","haas","HAA","Haas F1 Team"
"2025","1","Australian Grand Prix","","0","0","LAW","lawson","Liam","Lawson","red_bull","RED","Red Bull"
"2025","1","Australian Grand Prix","","0","0","BOR","bortoleto","Gabriel","Bortoleto","sauber","KCK","Sauber"
"2025","1","Australian Grand Prix","","0","0","ALO","alonso","Fernando","Alonso","aston_martin","AST","Aston Martin"
"2025","1","Australian Grand Prix","","0","0","SAI","sainz","Carlos","Sainz","williams","WIL","Williams"
"2025","1","Australian Grand Prix","","0","0","DOO","doohan","Jack","Doohan","alpine","ALP","Alpine F1 Team"
"2025","1","Australian Grand Prix","","0","0","HAD","hadjar","Isack","Hadjar","rb","VRB","RB F1 Team"
"2025","2","Chinese Grand Prix","1","44","1","NOR","norris","Lando","Norris","mclaren","MCL","McLaren"
"2025","2","Chinese Grand Prix","2","36","0","VER","max_verstappen","Max","Verstappen","red_bull","RED","Red Bull"
"2025","2","Chinese Grand Prix","3","35","0","RUS","russell","George","Russell","mercedes","MER","Mercedes"
"2025","2","Chinese Grand Prix","4","34","1","PIA","piastri","Oscar","Piastri","mclaren","MCL","McLaren"
"2025","2","Chinese Grand Prix","5","22","0","ANT","antonelli","Andrea Kimi","Antonelli","mercedes","MER","Mercedes"
"2025","2","Chinese Grand Prix","6","16","0","ALB","albon","Alexander","Albon","williams","WIL","Williams"
"2025","2","Chinese Grand Prix","7","10","0","OCO","ocon","Esteban","Ocon","haas","HAA","Haas F1 Team"
"2025","2","Chinese Grand Prix","8","10","0","STR","stroll","Lance","Stroll","aston_martin","AST","Aston Martin"
"2025","2","Chinese Grand Prix","9","9","0","HAM","hamilton","Lewis","Hamilton","ferrari","FER","Ferrari"
"2025","2","Chinese Grand Prix","10","8","0","LEC","leclerc","Charles","Leclerc","ferrari","FER","Ferrari"
"2025","2","Chinese Grand Prix","11","6","0","HUL","hulkenberg","Nico","HÃ¼lkenberg","sauber","KCK","Sauber"
"2025","2","Chinese Grand Prix","12","4","0","BEA","bearman","Oliver","Bearman","haas","HAA","Haas F1 Team"
"2025","2","Chinese Grand Prix","13","3","0","TSU","tsunoda","Yuki","Tsunoda","rb","VRB","RB F1 Team"
"2025","2","Chinese Grand Prix","14","1","0","SAI","sainz","Carlos","Sainz","williams","WIL","Williams"
"2025","2","Chinese Grand Prix","15","0","0","GAS","gasly","Pierre","Gasly","alpine","ALP","Alpine F1 Team"
"2025","2","Chinese Grand Prix","16","0","0","HAD","hadjar","Isack","Hadjar","rb","VRB","RB F1 Team"
"2025","2","Chinese Grand Prix","17","0","0","LAW","lawson","Liam","Lawson","red_bull","RED","Red Bull"
"2025","2","Chinese Grand Prix","18","0","0","DOO","doohan","Jack","Doohan","alpine","ALP","Alpine F1 Team"
"2025","2","Chinese Grand Prix","19","0","0","BOR","bortoleto","Gabriel","Bortoleto","sauber","KCK","Sauber"
"2025","2","Chinese Grand Prix","","0","0","ALO","alonso","Fernando","Alonso","aston_martin","AST","Aston Martin"
"2025","3","Japanese Grand Prix","1","62","1","NOR","norris","Lando","Norris","mclaren","MCL","McLaren"
"2025","3","Japanese Grand Prix","2","61","1","VER","max_verstappen","Max","Verstappen","red_bull","RED","Red Bull"
"2025","3","Japanese Grand Prix","3","49","1","PIA","piastri","Oscar","Piastri","mclaren","MCL","McLaren"
"2025","3","Japanese Grand Prix","4","45","0","RUS","russell","George","Russell","mercedes","MER","Mercedes"
"2025","3","Japanese Grand Prix","5","30","0","ANT","antonelli","Andrea Kimi","Antonelli","mercedes","MER","Mercedes"
"2025","3","Japanese Grand Prix","6","20","0","LEC","leclerc","Charles","Leclerc","ferrari","FER","Ferrari"
"2025","3","Japanese Grand Prix","7","18","0","ALB","albon","Alexander","Albon","williams","WIL","Williams"
"2025","3","Japanese Grand Prix","8","15","0","HAM","hamilton","Lewis","Hamilton","ferrari","FER","Ferrari"
"2025","3","Japanese Grand Prix","9","10","0","OCO","ocon","Esteban","Ocon","haas","HAA","Haas F1 Team"
"2025","3","Japanese Grand Prix","10","10","0","STR","stroll","Lance","Stroll","aston_martin","AST","Aston Martin"
"2025","3","Japanese Grand Prix","11","6","0","HUL","hulkenberg","Nico","HÃ¼lkenberg","sauber","KCK","Sauber"
"2025","3","Japanese Grand Prix","12","5","0","BEA","bearman","Oliver","Bearman","haas","HAA","Haas F1 Team"
"2025","3","Japanese Grand Prix","13","4","0","HAD","hadjar","Isack","Hadjar","rb","VRB","RB F1 Team"
"2025","3","Japanese Grand Prix","14","3","0","TSU","tsunoda","Yuki","Tsunoda","rb","VRB","RB F1 Team"
"2025","3","Japanese Grand Prix","15","1","0","SAI","sainz","Carlos","Sainz","williams","WIL","Williams"
"2025","3","Japanese Grand Prix","16","0","0","GAS","gasly","Pierre","Gasly","alpine","ALP","Alpine F1 Team"
"2025","3","Japanese Grand Prix","17","0","0","ALO","alonso","Fernando","Alonso","aston_martin","AST","Aston Martin"
"2025","3","Japanese Grand Prix","18","0","0","LAW","lawson","Liam","Lawson","red_bull","RED","Red Bull"
"2025","3","Japanese Grand Prix","19","0","0","DOO","doohan","Jack","Doohan","alpine","ALP","Alpine F1 Team"
"2025","3","Japanese Grand Prix","20","0","0","BOR","bortoleto","Gabriel","Bortoleto","sauber","KCK","Sauber"
"2025","4","Bahrain Grand Prix","1","77","1","NOR","norris","Lando","Norris","mclaren","MCL","McLaren"
"2025","4","Bahrain Grand Prix","2","74","2","PIA","piastri","Oscar","Piastri","mclaren","MCL","McLaren"
"2025","4","Bahrain Grand Prix","3","69","1","VER","max_verstappen","Max","Verstappen","red_bull","RED","Red Bull"
"2025","4","Bahrain Grand Prix","4","63","0","RUS","russell","George","Russell","mercedes","MER","Mercedes"
"2025","4","Bahrain Grand Prix","5","32","0","LEC","leclerc","Charles","Leclerc","ferrari","FER","Ferrari"
"2025","4","Bahrain Grand Prix","6","30","0","ANT","antonelli","Andrea Kimi","Antonelli","mercedes","MER","Mercedes"
"2025","4","Bahrain Grand Prix","7","25","0","HAM","hamilton","Lewis","Hamilton","ferrari","FER","Ferrari"
"2025","4","Bahrain Grand Prix","8","18","0","ALB","albon","Alexander","Albon","williams","WIL","Williams"
"2025","4","Bahrain Grand Prix","9","14","0","OCO","ocon","Esteban","Ocon","haas","HAA","Haas F1 Team"
"2025","4","Bahrain Grand Prix","10","10","0","STR","stroll","Lance","Stroll","aston_martin","AST","Aston Martin"
"2025","4","Bahrain Grand Prix","11","6","0","GAS","gasly","Pierre","Gasly","alpine","ALP","Alpine F1 Team"
"2025","4","Bahrain Grand Prix","12","6","0","HUL","hulkenberg","Nico","HÃ¼lkenberg","sauber","KCK","Sauber"
"2025","4","Bahrain Grand Prix","13","6","0","BEA","bearman","Oliver","Bearman","haas","HAA","Haas F1 Team"
"2025","4","Bahrain Grand Prix","14","5","0","TSU","tsunoda","Yuki","Tsunoda","rb","VRB","RB F1 Team"
"2025","4","Bahrain Grand Prix","15","4","0","HAD","hadjar","Isack","Hadjar","rb","VRB","RB F1 Team"
"2025","4","Bahrain Grand Prix","16","1","0","SAI","sainz","Carlos","Sainz","williams","WIL","Williams"
"2025","4","Bahrain Grand Prix","17","0","0","ALO","alonso","Fernando","Alonso","aston_martin","AST","Aston Martin"
"2025","4","Bahrain Grand Prix","18","0","0","LAW","lawson","Liam","Lawson","red_bull","RED","Red Bull"
"2025","4","Bahrain Grand Prix","19","0","0","DOO","doohan","Jack","Doohan","alpine","ALP","Alpine F1 Team"
"2025","4","Bahrain Grand Prix","20","0","0","BOR","bortoleto","Gabriel","Bortoleto","sauber","KCK","Sauber"
"2025","5","Saudi Arabian Grand Prix","1","99","3","PIA","piastri","Oscar","Piastri","mclaren","MCL","McLaren"
"2025","5","Saudi Arabian Grand Prix","2","89","1","NOR","norris","Lando","Norris","mclaren","MCL","McLaren"
"2025","5","Saudi Arabian Grand Prix","3","87","1","VER","max_verstappen","Max","Verstappen","red_bull","RED","Red Bull"
"2025","5","Saudi Arabian Grand Prix","4","73","0","RUS","russell","George","Russell","mercedes","MER","Mercedes"
"2025","5","Saudi Arabian Grand Prix","5","47","0","LEC","leclerc","Charles","Leclerc","ferrari","FER","Ferrari"
"2025","5","Saudi Arabian Grand Prix","6","38","0","ANT","antonelli","Andrea Kimi","Antonelli","mercedes","MER","Mercedes"
"2025","5","Saudi Arabian Grand Prix","7","31","0","HAM","hamilton","Lewis","Hamilton","ferrari","FER","Ferrari"
"2025","5","Saudi Arabian Grand Prix","8","20","0","ALB","albon","Alexander","Albon","williams","WIL","Williams"
"2025","5","Saudi Arabian Grand Prix","9","14","0","OCO","ocon","Esteban","Ocon","haas","HAA","Haas F1 Team"
"2025","5","Saudi Arabian Grand Prix","10","10","0","STR","stroll","Lance","Stroll","aston_martin","AST","Aston Martin"
"2025","5","Saudi Arabian Grand Prix","11","6","0","GAS","gasly","Pierre","Gasly","alpine","ALP","Alpine F1 Team"
"2025","5","Saudi Arabian Grand Prix","12","6","0","HUL","hulkenberg","Nico","HÃ¼lkenberg","sauber","KCK","Sauber"
"2025","5","Saudi Arabian Grand Prix","13","6","0","BEA","bearman","Oliver","Bearman","haas","HAA","Haas F1 Team"
"2025","5","Saudi Arabian Grand Prix","14","5","0","HAD","hadjar","Isack","Hadjar","rb","VRB","RB F1 Team"
"2025","5","Saudi Arabian Grand Prix","15","5","0","SAI","sainz","Carlos","Sainz","williams","WIL","Williams"
"2025","5","Saudi Arabian Grand Prix","16","5","0","TSU","tsunoda","Yuki","Tsunoda","rb","VRB","RB F1 Team"
"2025","5","Saudi Arabian Grand Prix","17","0","0","ALO","alonso","Fernando","Alonso","aston_martin","AST","Aston Martin"
"2025","5","Saudi Arabian Grand Prix","18","0","0","LAW","lawson","Liam","Lawson","red_bull","RED","Red Bull"
"2025","5","Saudi Arabian Grand Prix","19","0","0","DOO","doohan","Jack","Doohan","alpine","ALP","Alpine F1 Team"
"2025","5","Saudi Arabian Grand Prix","20","0","0","BOR","bortoleto","Gabriel","Bortoleto","sauber","KCK","Sauber"
"2025","6","Miami Grand Prix","1","131","4","PIA","piastri","Oscar","Piastri","mclaren","MCL","McLaren"
"2025","6","Miami Grand Prix","2","115","1","NOR","norris","Lando","Norris","mclaren","MCL","McLaren"
"2025","6","Miami Grand Prix","3","99","1","VER","max_verstappen","Max","Verstappen","red_bull","RED","Red Bull"
"2025","6","Miami Grand Prix","4","93","0","RUS","russell","George","Russell","mercedes","MER","Mercedes"
"2025","6","Miami Grand Prix","5","53","0","LEC","leclerc","Charles","Leclerc","ferrari","FER","Ferrari"
"2025","6","Miami Grand Prix","6","48","0","ANT","antonelli","Andrea Kimi","Antonelli","mercedes","MER","Mercedes"
"2025","6","Miami Grand Prix","7","41","0","HAM","hamilton","Lewis","Hamilton","ferrari","FER","Ferrari"
"2025","6","Miami Grand Prix","8","30","0","ALB","albon","Alexander","Albon","williams","WIL","Williams"
"2025","6","Miami Grand Prix","9","14","0","OCO","ocon","Esteban","Ocon","haas","HAA","Haas F1 Team"
"2025","6","Miami Grand Prix","10","14","0","STR","stroll","Lance","Stroll","aston_martin","AST","Aston Martin"
"2025","6","Miami Grand Prix","11","9","0","TSU","tsunoda","Yuki","Tsunoda","rb","VRB","RB F1 Team"
"2025","6","Miami Grand Prix","12","7","0","GAS","gasly","Pierre","Gasly","alpine","ALP","Alpine F1 Team"
"2025","6","Miami Grand Prix","13","7","0","SAI","sainz","Carlos","Sainz","williams","WIL","Williams"
"2025","6","Miami Grand Prix","14","6","0","HUL","hulkenberg","Nico","HÃ¼lkenberg","sauber","KCK","Sauber"
"2025","6","Miami Grand Prix","15","6","0","BEA","bearman","Oliver","Bearman","haas","HAA","Haas F1 Team"
"2025","6","Miami Grand Prix","16","5","0","HAD","hadjar","Isack","Hadjar","rb","VRB","RB F1 Team"
"2025","6","Miami Grand Prix","17","0","0","ALO","alonso","Fernando","Alonso","aston_martin","AST","Aston Martin"
"2025","6","Miami Grand Prix","18","0","0","LAW","lawson","Liam","Lawson","red_bull","RED","Red Bull"
"2025","6","Miami Grand Prix","19","0","0","DOO","doohan","Jack","Doohan","alpine","ALP","Alpine F1 Team"
"2025","6","Miami Grand Prix","20","0","0","BOR","bortoleto","Gabriel","Bortoleto","sauber","KCK","Sauber"
"2025","7","Emilia Romagna Grand Prix","1","146","4","PIA","piastri","Oscar","Piastri","mclaren","MCL","McLaren"
"2025","7","Emilia Romagna Grand Prix","2","133","1","NOR","norris","Lando","Norris","mclaren","MCL","McLaren"
"2025","7","Emilia Romagna Grand Prix","3","124","2","VER","max_verstappen","Max","Verstappen","red_bull","RED","Red Bull"
"2025","7","Emilia Romagna Grand Prix","4","99","0","RUS","russell","George","Russell","mercedes","MER","Mercedes"
"2025","7","Emilia Romagna Grand Prix","5","61","0","LEC","leclerc","Charles","Leclerc","ferrari","FER","Ferrari"
"2025","7","Emilia Romagna Grand Prix","6","53","0","HAM","hamilton","Lewis","Hamilton","ferrari","FER","Ferrari"
"2025","7","Emilia Romagna Grand Prix","7","48","0","ANT","antonelli","Andrea Kimi","Antonelli","mercedes","MER","Mercedes"
"2025","7","Emilia Romagna Grand Prix","8","40","0","ALB","albon","Alexander","Albon","williams","WIL","Williams"
"2025","7","Emilia Romagna Grand Prix","9","14","0","OCO","ocon","Esteban","Ocon","haas","HAA","Haas F1 Team"
"2025","7","Emilia Romagna Grand Prix","10","14","0","STR","stroll","Lance","Stroll","aston_martin","AST","Aston Martin"
"2025","7","Emilia Romagna Grand Prix","11","11","0","SAI","sainz","Carlos","Sainz","williams","WIL","Williams"
"2025","7","Emilia Romagna Grand Prix","12","10","0","TSU","tsunoda","Yuki","Tsunoda","rb","VRB","RB F1 Team"
"2025","7","Emilia Romagna Grand Prix","13","7","0","GAS","gasly","Pierre","Gasly","alpine","ALP","Alpine F1 Team"
"2025","7","Emilia Romagna Grand Prix","14","7","0","HAD","hadjar","Isack","Hadjar","rb","VRB","RB F1 Team"
"2025","7","Emilia Romagna Grand Prix","15","6","0","HUL","hulkenberg","Nico","HÃ¼lkenberg","sauber","KCK","Sauber"
"2025","7","Emilia Romagna Grand Prix","16","6","0","BEA","bearman","Oliver","Bearman","haas","HAA","Haas F1 Team"
"2025","7","Emilia Romagna Grand Prix","17","0","0","ALO","alonso","Fernando","Alonso","aston_martin","AST","Aston Martin"
"2025","7","Emilia Romagna Grand Prix","18","0","0","LAW","lawson","Liam","Lawson","red_bull","RED","Red Bull"
"2025","7","Emilia Romagna Grand Prix","19","0","0","DOO","doohan","Jack","Doohan","alpine","ALP","Alpine F1 Team"
"2025","7","Emilia Romagna Grand Prix","20","0","0","BOR","bortoleto","Gabriel","Bortoleto","sauber","KCK","Sauber"
"2025","7","Emilia Romagna Grand Prix","21","0","0","COL","colapinto","Franco","Colapinto","alpine","ALP","Alpine F1 Team"
"2025","8","Monaco Grand Prix","1","161","4","PIA","piastri","Oscar","Piastri","mclaren","MCL","McLaren"
"2025","8","Monaco Grand Prix","2","158","2","NOR","norris","Lando","Norris","mclaren","MCL","McLaren"
"2025","8","Monaco Grand Prix","3","136","2","VER","max_verstappen","Max","Verstappen","red_bull","RED","Red Bull"
"2025","8","Monaco Grand Prix","4","99","0","RUS","russell","George","Russell","mercedes","MER","Mercedes"
"2025","8","Monaco Grand Prix","5","79","0","LEC","leclerc","Charles","Leclerc","ferrari","FER","Ferrari"
"2025","8","Monaco Grand Prix","6","63","0","HAM","hamilton","Lewis","Hamilton","ferrari","FER","Ferrari"
"2025","8","Monaco Grand Prix","7","48","0","ANT","antonelli","Andrea Kimi","Antonelli","mercedes","MER","Mercedes"
"2025","8","Monaco Grand Prix","8","42","0","ALB","albon","Alexander","Albon","williams","WIL","Williams"
"2025","8","Monaco Grand Prix","9","20","0","OCO","ocon","Esteban","Ocon","haas","HAA","Haas F1 Team"
"2025","8","Monaco Grand Prix","10","15","0","HAD","hadjar","Isack","Hadjar","rb","VRB","RB F1 Team"
"2025","8","Monaco Grand Prix","11","14","0","STR","stroll","Lance","Stroll","aston_martin","AST","Aston Martin"
"2025","8","Monaco Grand Prix","12","12","0","SAI","sainz","Carlos","Sainz","williams","WIL","Williams"
"2025","8","Monaco Grand Prix","13","10","0","TSU","tsunoda","Yuki","Tsunoda","rb","VRB","RB F1 Team"
"2025","8","Monaco Grand Prix","14","7","0","GAS","gasly","Pierre","Gasly","alpine","ALP","Alpine F1 Team"
"2025","8","Monaco Grand Prix","15","6","0","HUL","hulkenberg","Nico","HÃ¼lkenberg","sauber","KCK","Sauber"
"2025","8","Monaco Grand Prix","16","6","0","BEA","bearman","Oliver","Bearman","haas","HAA","Haas F1 Team"
"2025","8","Monaco Grand Prix","17","4","0","LAW","lawson","Liam","Lawson","red_bull","RED","Red Bull"
"2025","8","Monaco Grand Prix","18","0","0","ALO","alonso","Fernando","Alonso","aston_martin","AST","Aston Martin"
"2025","8","Monaco Grand Prix","19","0","0","DOO","doohan","Jack","Doohan","alpine","ALP","Alpine F1 Team"
"2025","8","Monaco Grand Prix","20","0","0","COL","colapinto","Franco","Colapinto","alpine","ALP","Alpine F1 Team"
"2025","8","Monaco Grand Prix","21","0","0","BOR","bortoleto","Gabriel","Bortoleto","sauber","KCK","Sauber"
"2025","9","Spanish Grand Prix","1","186","5","PIA","piastri","Oscar","Piastri","mclaren","MCL","McLaren"
"2025","9","Spanish Grand Prix","2","176","2","NOR","norris","Lando","Norris","mclaren","MCL","McLaren"
"2025","9","Spanish Grand Prix","3","137","2","VER","max_verstappen","Max","Verstappen","red_bull","RED","Red Bull"
"2025","9","Spanish Grand Prix","4","111","0","RUS","russell","George","Russell","mercedes","MER","Mercedes"
"2025","9","Spanish Grand Prix","5","94","0","LEC","leclerc","Charles","Leclerc","ferrari","FER","Ferrari"
"2025","9","Spanish Grand Prix","6","71","0","HAM","hamilton","Lewis","Hamilton","ferrari","FER","Ferrari"
"2025","9","Spanish Grand Prix","7","48","0","ANT","antonelli","Andrea Kimi","Antonelli","mercedes","MER","Mercedes"
"2025","9","Spanish Grand Prix","8","42","0","ALB","albon","Alexander","Albon","williams","WIL","Williams"
"2025","9","Spanish Grand Prix","9","21","0","HAD","hadjar","Isack","Hadjar","rb","VRB","RB F1 Team"
"2025","9","Spanish Grand Prix","10","20","0","OCO","ocon","Esteban","Ocon","haas","HAA","Haas F1 Team"
"2025","9","Spanish Grand Prix","11","16","0","HUL","hulkenberg","Nico","HÃ¼lkenberg","sauber","KCK","Sauber"
"2025","9","Spanish Grand Prix","12","14","0","STR","stroll","Lance","Stroll","aston_martin","AST","Aston Martin"
"2025","9","Spanish Grand Prix","13","12","0","SAI","sainz","Carlos","Sainz","williams","WIL","Williams"
"2025","9","Spanish Grand Prix","14","11","0","GAS","gasly","Pierre","Gasly","alpine","ALP","Alpine F1 Team"
"2025","9","Spanish Grand Prix","15","10","0","TSU","tsunoda","Yuki","Tsunoda","rb","VRB","RB F1 Team"
"2025","9","Spanish Grand Prix","16","6","0","BEA","bearman","Oliver","Bearman","haas","HAA","Haas F1 Team"
"2025","9","Spanish Grand Prix","17","4","0","LAW","lawson","Liam","Lawson","red_bull","RED","Red Bull"
"2025","9","Spanish Grand Prix","18","2","0","ALO","alonso","Fernando","Alonso","aston_martin","AST","Aston Martin"
"2025","9","Spanish Grand Prix","19","0","0","BOR","bortoleto","Gabriel","Bortoleto","sauber","KCK","Sauber"
"2025","9","Spanish Grand Prix","20","0","0","DOO","doohan","Jack","Doohan","alpine","ALP","Alpine F1 Team"
"2025","9","Spanish Grand Prix","21","0","0","COL","colapinto","Franco","Colapinto","alpine","ALP","Alpine F1 Team"
"2025","10","Canadian Grand Prix","1","198","5","PIA","piastri","Oscar","Piastri","mclaren","MCL","McLaren"
"2025","10","Canadian Grand Prix","2","176","2","NOR","norris","Lando","Norris","mclaren","MCL","McLaren"
"2025","10","Canadian Grand Prix","3","155","2","VER","max_verstappen","Max","Verstappen","red_bull","RED","Red Bull"
"2025","10","Canadian Grand Prix","4","136","1","RUS","russell","George","Russell","mercedes","MER","Mercedes"
"2025","10","Canadian Grand Prix","5","104","0","LEC","leclerc","Charles","Leclerc","ferrari","FER","Ferrari"
"2025","10","Canadian Grand Prix","6","79","0","HAM","hamilton","Lewis","Hamilton","ferrari","FER","Ferrari"
"2025","10","Canadian Grand Prix","7","63","0","ANT","antonelli","Andrea Kimi","Antonelli","mercedes","MER","Mercedes"
"2025","10","Canadian Grand Prix","8","42","0","ALB","albon","Alexander","Albon","williams","WIL","Williams"
"2025","10","Canadian Grand Prix","9","22","0","OCO","ocon","Esteban","Ocon","haas","HAA","Haas F1 Team"
"2025","10","Canadian Grand Prix","10","21","0","HAD","hadjar","Isack","Hadjar","rb","VRB","RB F1 Team"
"2025","10","Canadian Grand Prix","11","20","0","HUL","hulkenberg","Nico","HÃ¼lkenberg","sauber","KCK","Sauber"
"2025","10","Canadian Grand Prix","12","14","0","STR","stroll","Lance","Stroll","aston_martin","AST","Aston Martin"
"2025","10","Canadian Grand Prix","13","13","0","SAI","sainz","Carlos","Sainz","williams","WIL","Williams"
"2025","10","Canadian Grand Prix","14","11","0","GAS","gasly","Pierre","Gasly","alpine","ALP","Alpine F1 Team"
"2025","10","Canadian Grand Prix","15","10","0","TSU","tsunoda","Yuki","Tsunoda","rb","VRB","RB F1 Team"
"2025","10","Canadian Grand Prix","16","8","0","ALO","alonso","Fernando","Alonso","aston_martin","AST","Aston Martin"
"2025","10","Canadian Grand Prix","17","6","0","BEA","bearman","Oliver","Bearman","haas","HAA","Haas F1 Team"
"2025","10","Canadian Grand Prix","18","4","0","LAW","lawson","Liam","Lawson","red_bull","RED","Red Bull"
"2025","10","Canadian Grand Prix","19","0","0","BOR","bortoleto","Gabriel","Bortoleto","sauber","KCK","Sauber"
"2025","10","Canadian Grand Prix","20","0","0","COL","colapinto","Franco","Colapinto","alpine","ALP","Alpine F1 Team"
"2025","10","Canadian Grand Prix","21","0","0","DOO","doohan","Jack","Doohan","alpine","ALP","Alpine F1 Team"
"2025","11","Austrian Grand Prix","1","216","5","PIA","piastri","Oscar","Piastri","mclaren","MCL","McLaren"
"2025","11","Austrian Grand Prix","2","201","3","NOR","norris","Lando","Norris","mclaren","MCL","McLaren"
"2025","11","Austrian Grand Prix","3","155","2","VER","max_verstappen","Max","Verstappen","red_bull","RED","Red Bull"
"2025","11","Austrian Grand Prix","4","146","1","RUS","russell","George","Russell","mercedes","MER","Mercedes"
"2025","11","Austrian Grand Prix","5","119","0","LEC","leclerc","Charles","Leclerc","ferrari","FER","Ferrari"
"2025","11","Austrian Grand Prix","6","91","0","HAM","hamilton","Lewis","Hamilton","ferrari","FER","Ferrari"
"2025","11","Austrian Grand Prix","7","63","0","ANT","antonelli","Andrea Kimi","Antonelli","mercedes","MER","Mercedes"
"2025","11","Austrian Grand Prix","8","42","0","ALB","albon","Alexander","Albon","williams","WIL","Williams"
"2025","11","Austrian Grand Prix","9","23","0","OCO","ocon","Esteban","Ocon","haas","HAA","Haas F1 Team"
"2025","11","Austrian Grand Prix","10","22","0","HUL","hulkenberg","Nico","HÃ¼lkenberg","sauber","KCK","Sauber"
"2025","11","Austrian Grand Prix","11","21","0","HAD","hadjar","Isack","Hadjar","rb","VRB","RB F1 Team"
"2025","11","Austrian Grand Prix","12","14","0","STR","stroll","Lance","Stroll","aston_martin","AST","Aston Martin"
"2025","11","Austrian Grand Prix","13","14","0","ALO","alonso","Fernando","Alonso","aston_martin","AST","Aston Martin"
"2025","11","Austrian Grand Prix","14","13","0","SAI","sainz","Carlos","Sainz","williams","WIL","Williams"
"2025","11","Austrian Grand Prix","15","12","0","LAW","lawson","Liam","Lawson","red_bull","RED","Red Bull"
"2025","11","Austrian Grand Prix","16","11","0","GAS","gasly","Pierre","Gasly","alpine","ALP","Alpine F1 Team"
"2025","11","Austrian Grand Prix","17","10","0","TSU","tsunoda","Yuki","Tsunoda","rb","VRB","RB F1 Team"
"2025","11","Austrian Grand Prix","18","6","0","BEA","bearman","Oliver","Bearman","haas","HAA","Haas F1 Team"
"2025","11","Austrian Grand Prix","19","4","0","BOR","bortoleto","Gabriel","Bortoleto","sauber","KCK","Sauber"
"2025","11","Austrian Grand Prix","20","0","0","COL","colapinto","Franco","Colapinto","alpine","ALP","Alpine F1 Team"
"2025","11","Austrian Grand Prix","21","0","0","DOO","doohan","Jack","Doohan","alpine","ALP","Alpine F1 Team"
"2025","12","British Grand Prix","1","234","5","PIA","piastri","Oscar","Piastri","mclaren","MCL","McLaren"
"2025","12","British Grand Prix","2","226","4","NOR","norris","Lando","Norris","mclaren","MCL","McLaren"
"2025","12","British Grand Prix","3","165","2","VER","max_verstappen","Max","Verstappen","red_bull","RED","Red Bull"
"2025","12","British Grand Prix","4","147","1","RUS","russell","George","Russell","mercedes","MER","Mercedes"
"2025","12","British Grand Prix","5","119","0","LEC","leclerc","Charles","Leclerc","ferrari","FER","Ferrari"
"2025","12","British Grand Prix","6","103","0","HAM","hamilton","Lewis","Hamilton","ferrari","FER","Ferrari"
"2025","12","British Grand Prix","7","63","0","ANT","antonelli","Andrea Kimi","Antonelli","mercedes","MER","Mercedes"
"2025","12","British Grand Prix","8","46","0","ALB","albon","Alexander","Albon","williams","WIL","Williams"
"2025","12","British Grand Prix","9","37","0","HUL","hulkenberg","Nico","HÃ¼lkenberg","sauber","KCK","Sauber"
"2025","12","British Grand Prix","10","23","0","OCO","ocon","Esteban","Ocon","haas","HAA","Haas F1 Team"
"2025","12","British Grand Prix","11","21","0","HAD","hadjar","Isack","Hadjar","rb","VRB","RB F1 Team"
"2025","12","British Grand Prix","12","20","0","STR","stroll","Lance","Stroll","aston_martin","AST","Aston Martin"
"2025","12","British Grand Prix","13","19","0","GAS","gasly","Pierre","Gasly","alpine","ALP","Alpine F1 Team"
"2025","12","British Grand Prix","14","16","0","ALO","alonso","Fernando","Alonso","aston_martin","AST","Aston Martin"
"2025","12","British Grand Prix","15","13","0","SAI","sainz","Carlos","Sainz","williams","WIL","Williams"
"2025","12","British Grand Prix","16","12","0","LAW","lawson","Liam","Lawson","red_bull","RED","Red Bull"
"2025","12","British Grand Prix","17","10","0","TSU","tsunoda","Yuki","Tsunoda","rb","VRB","RB F1 Team"
"2025","12","British Grand Prix","18","6","0","BEA","bearman","Oliver","Bearman","haas","HAA","Haas F1 Team"
"2025","12","British Grand Prix","19","4","0","BOR","bortoleto","Gabriel","Bortoleto","sauber","KCK","Sauber"
"2025","12","British Grand Prix","20","0","0","COL","colapinto","Franco","Colapinto","alpine","ALP","Alpine F1 Team"
"2025","12","British Grand Prix","21","0","0","DOO","doohan","Jack","Doohan","alpine","ALP","Alpine F1 Team"
"2025","13","Belgian Grand Prix","1","266","6","PIA","piastri","Oscar","Piastri","mclaren","MCL","McLaren"
"2025","13","Belgian Grand Prix","2","250","4","NOR","norris","Lando","Norris","mclaren","MCL","McLaren"
"2025","13","Belgian Grand Prix","3","185","2","VER","max_verstappen","Max","Verstappen","red_bull","RED","Red Bull"
"2025","13","Belgian Grand Prix","4","157","1","RUS","russell","George","Russell","mercedes","MER","Mercedes"
"2025","13","Belgian Grand Prix","5","139","0","LEC","leclerc","Charles","Leclerc","ferrari","FER","Ferrari"
"2025","13","Belgian Grand Prix","6","109","0","HAM","hamilton","Lewis","Hamilton","ferrari","FER","Ferrari"
"2025","13","Belgian Grand Prix","7","63","0","ANT","antonelli","Andrea Kimi","Antonelli","mercedes","MER","Mercedes"
"2025","13","Belgian Grand Prix","8","54","0","ALB","albon","Alexander","Albon","williams","WIL","Williams"
"2025","13","Belgian Grand Prix","9","37","0","HUL","hulkenberg","Nico","HÃ¼lkenberg","sauber","KCK","Sauber"
"2025","13","Belgian Grand Prix","10","27","0","OCO","ocon","Esteban","Ocon","haas","HAA","Haas F1 Team"
"2025","13","Belgian Grand Prix","11","22","0","HAD","hadjar","Isack","Hadjar","rb","VRB","RB F1 Team"
"2025","13","Belgian Grand Prix","12","20","0","GAS","gasly","Pierre","Gasly","alpine","ALP","Alpine F1 Team"
"2025","13","Belgian Grand Prix","13","20","0","STR","stroll","Lance","Stroll","aston_martin","AST","Aston Martin"
"2025","13","Belgian Grand Prix","14","16","0","LAW","lawson","Liam","Lawson","red_bull","RED","Red Bull"
"2025","13","Belgian Grand Prix","15","16","0","ALO","alonso","Fernando","Alonso","aston_martin","AST","Aston Martin"
"2025","13","Belgian Grand Prix","16","16","0","SAI","sainz","Carlos","Sainz","williams","WIL","Williams"
"2025","13","Belgian Grand Prix","17","10","0","TSU","tsunoda","Yuki","Tsunoda","rb","VRB","RB F1 Team"
"2025","13","Belgian Grand Prix","18","8","0","BEA","bearman","Oliver","Bearman","haas","HAA","Haas F1 Team"
"2025","13","Belgian Grand Prix","19","6","0","BOR","bortoleto","Gabriel","Bortoleto","sauber","KCK","Sauber"
"2025","13","Belgian Grand Prix","20","0","0","COL","colapinto","Franco","Colapinto","alpine","ALP","Alpine F1 Team"
"2025","13","Belgian Grand Prix","21","0","0","DOO","doohan","Jack","Doohan","alpine","ALP","Alpine F1 Team"
"2025","14","Hungarian Grand Prix","1","284","6","PIA","piastri","Oscar","Piastri","mclaren","MCL","McLaren"
"2025","14","Hungarian Grand Prix","2","275","5","NOR","norris","Lando","Norris","mclaren","MCL","McLaren"
"2025","14","Hungarian Grand Prix","3","187","2","VER","max_verstappen","Max","Verstappen","red_bull","RED","Red Bull"
"2025","14","Hungarian Grand Prix","4","172","1","RUS","russell","George","Russell","mercedes","MER","Mercedes"
"2025","14","Hungarian Grand Prix","5","151","0","LEC","leclerc","Charles","Leclerc","ferrari","FER","Ferrari"
"2025","14","Hungarian Grand Prix","6","109","0","HAM","hamilton","Lewis","Hamilton","ferrari","FER","Ferrari"
"2025","14","Hungarian Grand Prix","7","64","0","ANT","antonelli","Andrea Kimi","Antonelli","mercedes","MER","Mercedes"
"2025","14","Hungarian Grand Prix","8","54","0","ALB","albon","Alexander","Albon","williams","WIL","Williams"
"2025","14","Hungarian Grand Prix","9","37","0","HUL","hulkenberg","Nico","HÃ¼lkenberg","sauber","KCK","Sauber"
"2025","14","Hungarian Grand Prix","10","27","0","OCO","ocon","Esteban","Ocon","haas","HAA","Haas F1 Team"
"2025","14","Hungarian Grand Prix","11","26","0","ALO","alonso","Fernando","Alonso","aston_martin","AST","Aston Martin"
"2025","14","Hungarian Grand Prix","12","26","0","STR","stroll","Lance","Stroll","aston_martin","AST","Aston Martin"
"2025","14","Hungarian Grand Prix","13","22","0","HAD","hadjar","Isack","Hadjar","rb","VRB","RB F1 Team"
"2025","14","Hungarian Grand Prix","14","20","0","GAS","gasly","Pierre","Gasly","alpine","ALP","Alpine F1 Team"
"2025","14","Hungarian Grand Prix","15","20","0","LAW","lawson","Liam","Lawson","red_bull","RED","Red Bull"
"2025","14","Hungarian Grand Prix","16","16","0","SAI","sainz","Carlos","Sainz","williams","WIL","Williams"
"2025","14","Hungarian Grand Prix","17","14","0","BOR","bortoleto","Gabriel","Bortoleto","sauber","KCK","Sauber"
"2025","14","Hungarian Grand Prix","18","10","0","TSU","tsunoda","Yuki","Tsunoda","rb","VRB","RB F1 Team"
"2025","14","Hungarian Grand Prix","19","8","0","BEA","bearman","Oliver","Bearman","haas","HAA","Haas F1 Team"
"2025","14","Hungarian Grand Prix","20","0","0","COL","colapinto","Franco","Colapinto","alpine","ALP","Alpine F1 Team"
"2025","14","Hungarian Grand Prix","21","0","0","DOO","doohan","Jack","Doohan","alpine","ALP","Alpine F1 Team"
"2025","15","Dutch Grand Prix","1","309","7","PIA","piastri","Oscar","Piastri","mclaren","MCL","McLaren"
"2025","15","Dutch Grand Prix","2","275","5","NOR","norris","Lando","Norris","mclaren","MCL","McLaren"
"2025","15","Dutch Grand Prix","3","205","2","VER","max_verstappen","Max","Verstappen","red_bull","RED","Red Bull"
"2025","15","Dutch Grand Prix","4","184","1","RUS","russell","George","Russell","mercedes","MER","Mercedes"
"2025","15","Dutch Grand Prix","5","151","0","LEC","leclerc","Charles","Leclerc","ferrari","FER","Ferrari"
"2025","15","Dutch Grand Prix","6","109","0","HAM","hamilton","Lewis","Hamilton","ferrari","FER","Ferrari"
"2025","15","Dutch Grand Prix","7","64","0","ANT","antonelli","Andrea Kimi","Antonelli","mercedes","MER","Mercedes"
"2025","15","Dutch Grand Prix","8","64","0","ALB","albon","Alexander","Albon","williams","WIL","Williams"
"2025","15","Dutch Grand Prix","9","37","0","HUL","hulkenberg","Nico","HÃ¼lkenberg","sauber","KCK","Sauber"
"2025","15","Dutch Grand Prix","10","37","0","HAD","hadjar","Isack","Hadjar","rb","VRB","RB F1 Team"
"2025","15","Dutch Grand Prix","11","32","0","STR","stroll","Lance","Stroll","aston_martin","AST","Aston Martin"
"2025","15","Dutch Grand Prix","12","30","0","ALO","alonso","Fernando","Alonso","aston_martin","AST","Aston Martin"
"2025","15","Dutch Grand Prix","13","28","0","OCO","ocon","Esteban","Ocon","haas","HAA","Haas F1 Team"
"2025","15","Dutch Grand Prix","14","20","0","GAS","gasly","Pierre","Gasly","alpine","ALP","Alpine F1 Team"
"2025","15","Dutch Grand Prix","15","20","0","LAW","lawson","Liam","Lawson","red_bull","RED","Red Bull"
"2025","15","Dutch Grand Prix","16","16","0","BEA","bearman","Oliver","Bearman","haas","HAA","Haas F1 Team"
"2025","15","Dutch Grand Prix","17","16","0","SAI","sainz","Carlos","Sainz","williams","WIL","Williams"
"2025","15","Dutch Grand Prix","18","14","0","BOR","bortoleto","Gabriel","Bortoleto","sauber","KCK","Sauber"
"2025","15","Dutch Grand Prix","19","12","0","TSU","tsunoda","Yuki","Tsunoda","rb","VRB","RB F1 Team"
"2025","15","Dutch Grand Prix","20","0","0","COL","colapinto","Franco","Colapinto","alpine","ALP","Alpine F1 Team"
"2025","15","Dutch Grand Prix","21","0","0","DOO","doohan","Jack","Doohan","alpine","ALP","Alpine F1 Team"
"2025","16","Italian Grand Prix","1","324","7","PIA","piastri","Oscar","Piastri","mclaren","MCL","McLaren"
"2025","16","Italian Grand Prix","2","293","5","NOR","norris","Lando","Norris","mclaren","MCL","McLaren"
"2025","16","Italian Grand Prix","3","230","3","VER","max_verstappen","Max","Verstappen","red_bull","RED","Red Bull"
"2025","16","Italian Grand Prix","4","194","1","RUS","russell","George","Russell","mercedes","MER","Mercedes"
"2025","16","Italian Grand Prix","5","163","0","LEC","leclerc","Charles","Leclerc","ferrari","FER","Ferrari"
"2025","16","Italian Grand Prix","6","117","0","HAM","hamilton","Lewis","Hamilton","ferrari","FER","Ferrari"
"2025","16","Italian Grand Prix","7","70","0","ALB","albon","Alexander","Albon","williams","WIL","Williams"
"2025","16","Italian Grand Prix","8","66","0","ANT","antonelli","Andrea Kimi","Antonelli","mercedes","MER","Mercedes"
"2025","16","Italian Grand Prix","9","38","0","HAD","hadjar","Isack","Hadjar","rb","VRB","RB F1 Team"
"2025","16","Italian Grand Prix","10","37","0","HUL","hulkenberg","Nico","HÃ¼lkenberg","sauber","KCK","Sauber"
"2025","16","Italian Grand Prix","11","32","0","STR","stroll","Lance","Stroll","aston_martin","AST","Aston Martin"
"2025","16","Italian Grand Prix","12","30","0","ALO","alonso","Fernando","Alonso","aston_martin","AST","Aston Martin"
"2025","16","Italian Grand Prix","13","28","0","OCO","ocon","Esteban","Ocon","haas","HAA","Haas F1 Team"
"2025","16","Italian Grand Prix","14","20","0","GAS","gasly","Pierre","Gasly","alpine","ALP","Alpine F1 Team"
"2025","16","Italian Grand Prix","15","20","0","LAW","lawson","Liam","Lawson","red_bull","RED","Red Bull"
"2025","16","Italian Grand Prix","16","18","0","BOR","bortoleto","Gabriel","Bortoleto","sauber","KCK","Sauber"
"2025","16","Italian Grand Prix","17","16","0","BEA","bearman","Oliver","Bearman","haas","HAA","Haas F1 Team"
"2025","16","Italian Grand Prix","18","16","0","SAI","sainz","Carlos","Sainz","williams","WIL","Williams"
"2025","16","Italian Grand Prix","19","12","0","TSU","tsunoda","Yuki","Tsunoda","rb","VRB","RB F1 Team"
"2025","16","Italian Grand Prix","20","0","0","COL","colapinto","Franco","Colapinto","alpine","ALP","Alpine F1 Team"
"2025","16","Italian Grand Prix","21","0","0","DOO","doohan","Jack","Doohan","alpine","ALP","Alpine F1 Team"
"2025","17","Azerbaijan Grand Prix","1","324","7","PIA","piastri","Oscar","Piastri","mclaren","MCL","McLaren"
"2025","17","Azerbaijan Grand Prix","2","299","5","NOR","norris","Lando","Norris","mclaren","MCL","McLaren"
"2025","17","Azerbaijan Grand Prix","3","255","4","VER","max_verstappen","Max","Verstappen","red_bull","RED","Red Bull"
"2025","17","Azerbaijan Grand Prix","4","212","1","RUS","russell","George","Russell","mercedes","MER","Mercedes"
"2025","17","Azerbaijan Grand Prix","5","165","0","LEC","leclerc","Charles","Leclerc","ferrari","FER","Ferrari"
"2025","17","Azerbaijan Grand Prix","6","121","0","HAM","hamilton","Lewis","Hamilton","ferrari","FER","Ferrari"
"2025","17","Azerbaijan Grand Prix","7","78","0","ANT","antonelli","Andrea Kimi","Antonelli","mercedes","MER","Mercedes"
"2025","17","Azerbaijan Grand Prix","8","70","0","ALB","albon","Alexander","Albon","williams","WIL","Williams"
"2025","17","Azerbaijan Grand Prix","9","39","0","HAD","hadjar","Isack","Hadjar","rb","VRB","RB F1 Team"
"2025","17","Azerbaijan Grand Prix","10","37","0","HUL","hulkenberg","Nico","HÃ¼lkenberg","sauber","KCK","Sauber"
"2025","17","Azerbaijan Grand Prix","11","32","0","STR","stroll","Lance","Stroll","aston_martin","AST","Aston Martin"
"2025","17","Azerbaijan Grand Prix","12","31","0","SAI","sainz","Carlos","Sainz","williams","WIL","Williams"
"2025","17","Azerbaijan Grand Prix","13","30","0","LAW","lawson","Liam","Lawson","red_bull","RED","Red Bull"
"2025","17","Azerbaijan Grand Prix","14","30","0","ALO","alonso","Fernando","Alonso","aston_martin","AST","Aston Martin"
"2025","17","Azerbaijan Grand Prix","15","28","0","OCO","ocon","Esteban","Ocon","haas","HAA","Haas F1 Team"
"2025","17","Azerbaijan Grand Prix","16","20","0","GAS","gasly","Pierre","Gasly","alpine","ALP","Alpine F1 Team"
"2025","17","Azerbaijan Grand Prix","17","20","0","TSU","tsunoda","Yuki","Tsunoda","rb","VRB","RB F1 Team"
"2025","17","Azerbaijan Grand Prix","18","18","0","BOR","bortoleto","Gabriel","Bortoleto","sauber","KCK","Sauber"
"2025","17","Azerbaijan Grand Prix","19","16","0","BEA","bearman","Oliver","Bearman","haas","HAA","Haas F1 Team"
"2025","17","Azerbaijan Grand Prix","20","0","0","COL","colapinto","Franco","Colapinto","alpine","ALP","Alpine F1 Team"
"2025","17","Azerbaijan Grand Prix","21","0","0","DOO","doohan","Jack","Doohan","alpine","ALP","Alpine F1 Team"
"2025","18","Singapore Grand Prix","1","336","7","PIA","piastri","Oscar","Piastri","mclaren","MCL","McLaren"
"2025","18","Singapore Grand Prix","2","314","5","NOR","norris","Lando","Norris","mclaren","MCL","McLaren"
"2025","18","Singapore Grand Prix","3","273","4","VER","max_verstappen","Max","Verstappen","red_bull","RED","Red Bull"
"2025","18","Singapore Grand Prix","4","237","2","RUS","russell","George","Russell","mercedes","MER","Mercedes"
"2025","18","Singapore Grand Prix","5","173","0","LEC","leclerc","Charles","Leclerc","ferrari","FER","Ferrari"
"2025","18","Singapore Grand Prix","6","125","0","HAM","hamilton","Lewis","Hamilton","ferrari","FER","Ferrari"
"2025","18","Singapore Grand Prix","7","88","0","ANT","antonelli","Andrea Kimi","Antonelli","mercedes","MER","Mercedes"
"2025","18","Singapore Grand Prix","8","70","0","ALB","albon","Alexander","Albon","williams","WIL","Williams"
"2025","18","Singapore Grand Prix","9","39","0","HAD","hadjar","Isack","Hadjar","rb","VRB","RB F1 Team"
"2025","18","Singapore Grand Prix","10","37","0","HUL","hulkenberg","Nico","HÃ¼lkenberg","sauber","KCK","Sauber"
"2025","18","Singapore Grand Prix","11","36","0","ALO","alonso","Fernando","Alonso","aston_martin","AST","Aston Martin"
"2025","18","Singapore Grand Prix","12","32","0","SAI","sainz","Carlos","Sainz","williams","WIL","Williams"
"2025","18","Singapore Grand Prix","13","32","0","STR","stroll","Lance","Stroll","aston_martin","AST","Aston Martin"
"2025","18","Singapore Grand Prix","14","30","0","LAW","lawson","Liam","Lawson","red_bull","RED","Red Bull"
"2025","18","Singapore Grand Prix","15","28","0","OCO","ocon","Esteban","Ocon","haas","HAA","Haas F1 Team"
"2025","18","Singapore Grand Prix","16","20","0","GAS","gasly","Pierre","Gasly","alpine","ALP","Alpine F1 Team"
"2025","18","Singapore Grand Prix","17","20","0","TSU","tsunoda","Yuki","Tsunoda","rb","VRB","RB F1 Team"
"2025","18","Singapore Grand Prix","18","18","0","BOR","bortoleto","Gabriel","Bortoleto","sauber","KCK","Sauber"
"2025","18","Singapore Grand Prix","19","18","0","BEA","bearman","Oliver","Bearman","haas","HAA","Haas F1 Team"
"2025","18","Singapore Grand Prix","20","0","0","COL","colapinto","Franco","Colapinto","alpine","ALP","Alpine F1 Team"
"2025","18","Singapore Grand Prix","21","0","0","DOO","doohan","Jack","Doohan","alpine","ALP","Alpine F1 Team"
"2025","19","United States Grand Prix","1","346","7","PIA","piastri","Oscar","Piastri","mclaren","MCL","McLaren"
"2025","19","United States Grand Prix","2","332","5","NOR","norris","Lando","Norris","mclaren","MCL","McLaren"
"2025","19","United States Grand Prix","3","306","5","VER","max_verstappen","Max","Verstappen","red_bull","RED","Red Bull"
"2025","19","United States Grand Prix","4","252","2","RUS","russell","George","Russell","mercedes","MER","Mercedes"
"2025","19","United States Grand Prix","5","192","0","LEC","leclerc","Charles","Leclerc","ferrari","FER","Ferrari"
"2025","19","United States Grand Prix","6","142","0","HAM","hamilton","Lewis","Hamilton","ferrari","FER","Ferrari"
"2025","19","United States Grand Prix","7","89","0","ANT","antonelli","Andrea Kimi","Antonelli","mercedes","MER","Mercedes"
"2025","19","United States Grand Prix","8","73","0","ALB","albon","Alexander","Albon","williams","WIL","Williams"
"2025","19","United States Grand Prix","9","41","0","HUL","hulkenberg","Nico","HÃ¼lkenberg","sauber","KCK","Sauber"
"2025","19","United States Grand Prix","10","39","0","HAD","hadjar","Isack","Hadjar","rb","VRB","RB F1 Team"
"2025","19","United States Grand Prix","11","38","0","SAI","sainz","Carlos","Sainz","williams","WIL","Williams"
"2025","19","United States Grand Prix","12","37","0","ALO","alonso","Fernando","Alonso","aston_martin","AST","Aston Martin"
"2025","19","United States Grand Prix","13","32","0","STR","stroll","Lance","Stroll","aston_martin","AST","Aston Martin"
"2025","19","United States Grand Prix","14","30","0","LAW","lawson","Liam","Lawson","red_bull","RED","Red Bull"
"2025","19","United States Grand Prix","15","28","0","OCO","ocon","Esteban","Ocon","haas","HAA","Haas F1 Team"
"2025","19","United States Grand Prix","16","28","0","TSU","tsunoda","Yuki","Tsunoda","rb","VRB","RB F1 Team"
"2025","19","United States Grand Prix","17","20","0","GAS","gasly","Pierre","Gasly","alpine","ALP","Alpine F1 Team"
"2025","19","United States Grand Prix","18","20","0","BEA","bearman","Oliver","Bearman","haas","HAA","Haas F1 Team"
"2025","19","United States Grand Prix","19","18","0","BOR","bortoleto","Gabriel","Bortoleto","sauber","KCK","Sauber"
"2025","19","United States Grand Prix","20","0","0","COL","colapinto","Franco","Colapinto","alpine","ALP","Alpine F1 Team"
"2025","19","United States Grand Prix","21","0","0","DOO","doohan","Jack","Doohan","alpine","ALP","Alpine F1 Team"
"2025","20","Mexico City Grand Prix","1","357","6","NOR","norris","Lando","Norris","mclaren","MCL","McLaren"
"2025","20","Mexico City Grand Prix","2","356","7","PIA","piastri","Oscar","Piastri","mclaren","MCL","McLaren"
"2025","20","Mexico City Grand Prix","3","321","5","VER","max_verstappen","Max","Verstappen","red_bull","RED","Red Bull"
"2025","20","Mexico City Grand Prix","4","258","2","RUS","russell","George","Russell","mercedes","MER","Mercedes"
"2025","20","Mexico City Grand Prix","5","210","0","LEC","leclerc","Charles","Leclerc","ferrari","FER","Ferrari"
"2025","20","Mexico City Grand Prix","6","146","0","HAM","hamilton","Lewis","Hamilton","ferrari","FER","Ferrari"
"2025","20","Mexico City Grand Prix","7","97","0","ANT","antonelli","Andrea Kimi","Antonelli","mercedes","MER","Mercedes"
"2025","20","Mexico City Grand Prix","8","73","0","ALB","albon","Alexander","Albon","williams","WIL","Williams"
"2025","20","Mexico City Grand Prix","9","41","0","HUL","hulkenberg","Nico","HÃ¼lkenberg","sauber","KCK","Sauber"
"2025","20","Mexico City Grand Prix","10","39","0","HAD","hadjar","Isack","Hadjar","rb","VRB","RB F1 Team"
"2025","20","Mexico City Grand Prix","11","38","0","SAI","sainz","Carlos","Sainz","williams","WIL","Williams"
"2025","20","Mexico City Grand Prix","12","37","0","ALO","alonso","Fernando","Alonso","aston_martin","AST","Aston Martin"
"2025","20","Mexico City Grand Prix","13","32","0","BEA","bearman","Oliver","Bearman","haas","HAA","Haas F1 Team"
"2025","20","Mexico City Grand Prix","14","32","0","STR","stroll","Lance","Stroll","aston_martin","AST","Aston Martin"
"2025","20","Mexico City Grand Prix","15","30","0","LAW","lawson","Liam","Lawson","red_bull","RED","Red Bull"
"2025","20","Mexico City Grand Prix","16","30","0","OCO","ocon","Esteban","Ocon","haas","HAA","Haas F1 Team"
"2025","20","Mexico City Grand Prix","17","28","0","TSU","tsunoda","Yuki","Tsunoda","rb","VRB","RB F1 Team"
"2025","20","Mexico City Grand Prix","18","20","0","GAS","gasly","Pierre","Gasly","alpine","ALP","Alpine F1 Team"
"2025","20","Mexico City Grand Prix","19","19","0","BOR","bortoleto","Gabriel","Bortoleto","sauber","KCK","Sauber"
"2025","20","Mexico City Grand Prix","20","0","0","COL","colapinto","Franco","Colapinto","alpine","ALP","Alpine F1 Team"
"2025","20","Mexico City Grand Prix","21","0","0","DOO","doohan","Jack","Doohan","alpine","ALP","Alpine F1 Team"
"2025","21","SÃ£o Paulo Grand Prix","1","390","7","NOR","norris","Lando","Norris","mclaren","MCL","McLaren"
"2025","21","SÃ£o Paulo Grand Prix","2","366","7","PIA","piastri","Oscar","Piastri","mclaren","MCL","McLaren"
"2025","21","SÃ£o Paulo Grand Prix","3","341","5","VER","max_verstappen","Max","Verstappen","red_bull","RED","Red Bull"
"2025","21","SÃ£o Paulo Grand Prix","4","276","2","RUS","russell","George","Russell","mercedes","MER","Mercedes"
"2025","21","SÃ£o Paulo Grand Prix","5","214","0","LEC","leclerc","Charles","Leclerc","ferrari","FER","Ferrari"
"2025","21","SÃ£o Paulo Grand Prix","6","148","0","HAM","hamilton","Lewis","Hamilton","ferrari","FER","Ferrari"
"2025","21","SÃ£o Paulo Grand Prix","7","122","0","ANT","antonelli","Andrea Kimi","Antonelli","mercedes","MER","Mercedes"
"2025","21","SÃ£o Paulo Grand Prix","8","73","0","ALB","albon","Alexander","Albon","williams","WIL","Williams"
"2025","21","SÃ£o Paulo Grand Prix","9","43","0","HUL","hulkenberg","Nico","HÃ¼lkenberg","sauber","KCK","Sauber"
"2025","21","SÃ£o Paulo Grand Prix","10","43","0","HAD","hadjar","Isack","Hadjar","rb","VRB","RB F1 Team"
"2025","21","SÃ£o Paulo Grand Prix","11","40","0","BEA","bearman","Oliver","Bearman","haas","HAA","Haas F1 Team"
"2025","21","SÃ£o Paulo Grand Prix","12","40","0","ALO","alonso","Fernando","Alonso","aston_martin","AST","Aston Martin"
"2025","21","SÃ£o Paulo Grand Prix","13","38","0","SAI","sainz","Carlos","Sainz","williams","WIL","Williams"
"2025","21","SÃ£o Paulo Grand Prix","14","36","0","LAW","lawson","Liam","Lawson","red_bull","RED","Red Bull"
"2025","21","SÃ£o Paulo Grand Prix","15","32","0","STR","stroll","Lance","Stroll","aston_martin","AST","Aston Martin"
"2025","21","SÃ£o Paulo Grand Prix","16","30","0","OCO","ocon","Esteban","Ocon","haas","HAA","Haas F1 Team"
"2025","21","SÃ£o Paulo Grand Prix","17","28","0","TSU","tsunoda","Yuki","Tsunoda","rb","VRB","RB F1 Team"
"2025","21","SÃ£o Paulo Grand Prix","18","22","0","GAS","gasly","Pierre","Gasly","alpine","ALP","Alpine F1 Team"
"2025","21","SÃ£o Paulo Grand Prix","19","19","0","BOR","bortoleto","Gabriel","Bortoleto","sauber","KCK","Sauber"
"2025","21","SÃ£o Paulo Grand Prix","20","0","0","COL","colapinto","Franco","Colapinto","alpine","ALP","Alpine F1 Team"
"2025","21","SÃ£o Paulo Grand Prix","21","0","0","DOO","doohan","Jack","Doohan","alpine","ALP","Alpine F1 Team"
"2025","22","Las Vegas Grand Prix","1","390","7","NOR","norris","Lando","Norris","mclaren","MCL","McLaren"
"2025","22","Las Vegas Grand Prix","2","366","7","PIA","piastri","Oscar","Piastri","mclaren","MCL","McLaren"
"2025","22","Las Vegas Grand Prix","3","366","6","VER","max_verstappen","Max","Verstappen","red_bull","RED","Red Bull"
"2025","22","Las Vegas Grand Prix","4","294","2","RUS","russell","George","Russell","mercedes","MER","Mercedes"
"2025","22","Las Vegas Grand Prix","5","226","0","LEC","leclerc","Charles","Leclerc","ferrari","FER","Ferrari"
"2025","22","Las Vegas Grand Prix","6","152","0","HAM","hamilton","Lewis","Hamilton","ferrari","FER","Ferrari"
"2025","22","Las Vegas Grand Prix","7","137","0","ANT","antonelli","Andrea Kimi","Antonelli","mercedes","MER","Mercedes"
"2025","22","Las Vegas Grand Prix","8","73","0","ALB","albon","Alexander","Albon","williams","WIL","Williams"
"2025","22","Las Vegas Grand Prix","9","51","0","HAD","hadjar","Isack","Hadjar","rb","VRB","RB F1 Team"
"2025","22","Las Vegas Grand Prix","10","49","0","HUL","hulkenberg","Nico","HÃ¼lkenberg","sauber","KCK","Sauber"
"2025","22","Las Vegas Grand Prix","11","48","0","SAI","sainz","Carlos","Sainz","williams","WIL","Williams"
"2025","22","Las Vegas Grand Prix","12","41","0","BEA","bearman","Oliver","Bearman","haas","HAA","Haas F1 Team"
"2025","22","Las Vegas Grand Prix","13","40","0","ALO","alonso","Fernando","Alonso","aston_martin","AST","Aston Martin"
"2025","22","Las Vegas Grand Prix","14","36","0","LAW","lawson","Liam","Lawson","red_bull","RED","Red Bull"
"2025","22","Las Vegas Grand Prix","15","32","0","OCO","ocon","Esteban","Ocon","haas","HAA","Haas F1 Team"
"2025","22","Las Vegas Grand Prix","16","32","0","STR","stroll","Lance","Stroll","aston_martin","AST","Aston Martin"
"2025","22","Las Vegas Grand Prix","17","28","0","TSU","tsunoda","Yuki","Tsunoda","rb","VRB","RB F1 Team"
"2025","22","Las Vegas Grand Prix","18","22","0","GAS","gasly","Pierre","Gasly","alpine","ALP","Alpine F1 Team"
"2025","22","Las Vegas Grand Prix","19","19","0","BOR","bortoleto","Gabriel","Bortoleto","sauber","KCK","Sauber"
"2025","22","Las Vegas Grand Prix","20","0","0","COL","colapinto","Franco","Colapinto","alpine","ALP","Alpine F1 Team"
"2025","22","Las Vegas Grand Prix","21","0","0","DOO","doohan","Jack","Doohan","alpine","ALP","Alpine F1 Team"
"2025","23","Qatar Grand Prix","1","408","7","NOR","norris","Lando","Norris","mclaren","MCL","McLaren"
"2025","23","Qatar Grand Prix","2","396","7","VER","max_verstappen","Max","Verstappen","red_bull","RED","Red Bull"
"2025","23","Qatar Grand Prix","3","392","7","PIA","piastri","Oscar","Piastri","mclaren","MCL","McLaren"
"2025","23","Qatar Grand Prix","4","309","2","RUS","russell","George","Russell","mercedes","MER","Mercedes"
"2025","23","Qatar Grand Prix","5","230","0","LEC","leclerc","Charles","Leclerc","ferrari","FER","Ferrari"
"2025","23","Qatar Grand Prix","6","152","0","HAM","hamilton","Lewis","Hamilton","ferrari","FER","Ferrari"
"2025","23","Qatar Grand Prix","7","150","0","ANT","antonelli","Andrea Kimi","Antonelli","mercedes","MER","Mercedes"
"2025","23","Qatar Grand Prix","8","73","0","ALB","albon","Alexander","Albon","williams","WIL","Williams"
"2025","23","Qatar Grand Prix","9","64","0","SAI","sainz","Carlos","Sainz","williams","WIL","Williams"
"2025","23","Qatar Grand Prix","10","51","0","HAD","hadjar","Isack","Hadjar","rb","VRB","RB F1 Team"
"2025","23","Qatar Grand Prix","11","49","0","HUL","hulkenberg","Nico","HÃ¼lkenberg","sauber","KCK","Sauber"
"2025","23","Qatar Grand Prix","12","48","0","ALO","alonso","Fernando","Alonso","aston_martin","AST","Aston Martin"
"2025","23","Qatar Grand Prix","13","41","0","BEA","bearman","Oliver","Bearman","haas","HAA","Haas F1 Team"
"2025","23","Qatar Grand Prix","14","38","0","LAW","lawson","Liam","Lawson","red_bull","RED","Red Bull"
"2025","23","Qatar Grand Prix","15","33","0","TSU","tsunoda","Yuki","Tsunoda","rb","VRB","RB F1 Team"
"2025","23","Qatar Grand Prix","16","32","0","OCO","ocon","Esteban","Ocon","haas","HAA","Haas F1 Team"
"2025","23","Qatar Grand Prix","17","32","0","STR","stroll","Lance","Stroll","aston_martin","AST","Aston Martin"
"2025","23","Qatar Grand Prix","18","22","0","GAS","gasly","Pierre","Gasly","alpine","ALP","Alpine F1 Team"
"2025","23","Qatar Grand Prix","19","19","0","BOR","bortoleto","Gabriel","Bortoleto","sauber","KCK","Sauber"
"2025","23","Qatar Grand Prix","20","0","0","COL","colapinto","Franco","Colapinto","alpine","ALP","Alpine F1 Team"
"2025","23","Qatar Grand Prix","21","0","0","DOO","doohan","Jack","Doohan","alpine","ALP","Alpine F1 Team"
