season,round,id,abbr,price,priceChange,percentOwned,x2PercentOwned
2023,1,ALF_BOT,BOT,7.8,0,27,0
2023,1,ALF_ZHO,ZHO,4.9,0,13,0
2023,1,ALP_GAS,GAS,8.1,0.1,27,0
2023,1,ALP_OCO,OCO,9.4,-0.1,13,0
2023,1,ALT_DEV,DEV,5,0,23,0
2023,1,ALT_TSU,TSU,4.8,0,7,0
2023,1,AST_ALO,ALO,8.3,0.2,75,11
2023,1,AST_STR,STR,7.5,0.1,13,0
2023,1,FER_LEC,LEC,21.2,-0.1,42,17
2023,1,FER_SAI,SAI,17.2,0,25,4
2023,1,HAA_HUL,HUL,4.3,-0.1,25,0
2023,1,HAA_MAG,MAG,6.7,0,20,0
2023,1,MCL_NOR,NOR,11.2,-0.1,25,1
2023,1,MCL_PIA,PIA,7,-0.1,14,0
2023,1,MER_HAM,HAM,23.7,0,19,8
2023,1,MER_RUS,RUS,18.6,0,23,4
2023,1,RED_PER,PER,18,0.1,34,8
2023,1,RED_VER,VER,26.9,0.1,59,45
2023,1,WIL_ALB,ALB,5.5,0,9,0
2023,1,WIL_SAR,SAR,4,0,6,0
2023,2,ALF_BOT,BOT,7.8,-0.1,24,0
2023,2,ALF_ZHO,ZHO,4.9,0,15,0
2023,2,ALP_GAS,GAS,8.2,0,30,0
2023,2,ALP_OCO,OCO,9.3,0,11,0
2023,2,ALT_DEV,DEV,5,0,17,0
2023,2,ALT_TSU,TSU,4.8,0,8,0
2023,2,AST_ALO,ALO,8.5,0.2,80,14
2023,2,AST_STR,STR,7.6,-0.1,28,0
2023,2,FER_LEC,LEC,21.1,0.1,34,14
2023,2,FER_SAI,SAI,17.2,0,25,3
2023,2,HAA_HUL,HUL,4.2,-0.1,21,0
2023,2,HAA_MAG,MAG,6.7,0,15,0
2023,2,MCL_NOR,NOR,11.1,0,18,1
2023,2,MCL_PIA,PIA,6.9,-0.1,10,0
2023,2,MER_HAM,HAM,23.7,0,17,7
2023,2,MER_RUS,RUS,18.6,0,21,3
2023,2,RED_PER,PER,18.1,0.1,42,10
2023,2,RED_VER,VER,27,0.1,63,45
2023,2,WIL_ALB,ALB,5.5,-0.1,11,0
2023,2,WIL_SAR,SAR,4,-0.1,10,0
2023,3,ALF_BOT,BOT,7.7,0,21,0
2023,3,ALF_ZHO,ZHO,4.9,0,16,0
2023,3,ALP_GAS,GAS,8.2,-0.1,32,0
2023,3,ALP_OCO,OCO,9.3,-0.1,11,0
2023,3,ALT_DEV,DEV,5,-0.1,16,0
2023,3,ALT_TSU,TSU,4.8,0,9,0
2023,3,AST_ALO,ALO,8.7,0.2,81,15
2023,3,AST_STR,STR,7.5,0.1,30,0
2023,3,FER_LEC,LEC,21.2,-0.1,33,12
2023,3,FER_SAI,SAI,17.2,0,24,3
2023,3,HAA_HUL,HUL,4.1,0,21,0
2023,3,HAA_MAG,MAG,6.7,-0.1,15,0
2023,3,MCL_NOR,NOR,11.1,0.1,16,1
2023,3,MCL_PIA,PIA,6.8,0,9,0
2023,3,MER_HAM,HAM,23.7,0.1,16,7
2023,3,MER_RUS,RUS,18.6,-0.1,21,3
2023,3,RED_PER,PER,18.2,0.1,45,10
2023,3,RED_VER,VER,27.1,0.1,64,47
2023,3,WIL_ALB,ALB,5.4,-0.1,10,0
2023,3,WIL_SAR,SAR,3.9,-0.1,10,0
2023,4,ALF_BOT,BOT,7.7,-0.1,20,0
2023,4,ALF_ZHO,ZHO,4.9,-0.1,17,0
2023,4,ALP_GAS,GAS,8.1,0,30,0
2023,4,ALP_OCO,OCO,9.2,0,10,0
2023,4,ALT_DEV,DEV,4.9,-0.1,15,0
2023,4,ALT_TSU,TSU,4.8,-0.1,10,0
2023,4,AST_ALO,ALO,8.9,0.2,82,15
2023,4,AST_STR,STR,7.6,0.1,32,0
2023,4,FER_LEC,LEC,21.1,0.1,31,12
2023,4,FER_SAI,SAI,17.2,0,23,3
2023,4,HAA_HUL,HUL,4.1,-0.1,22,0
2023,4,HAA_MAG,MAG,6.6,0,14,0
2023,4,MCL_NOR,NOR,11.2,-0.1,17,1
2023,4,MCL_PIA,PIA,6.8,0,9,0
2023,4,MER_HAM,HAM,23.8,0,17,7
2023,4,MER_RUS,RUS,18.5,0.1,21,3
2023,4,RED_PER,PER,18.3,0.1,46,11
2023,4,RED_VER,VER,27.2,0.1,64,46
2023,4,WIL_ALB,ALB,5.3,-0.1,10,0
2023,4,WIL_SAR,SAR,3.8,-0.1,10,0
2023,5,ALF_BOT,BOT,7.6,-0.1,19,0
2023,5,ALF_ZHO,ZHO,4.8,-0.1,16,0
2023,5,ALP_GAS,GAS,8.1,0,30,0
2023,5,ALP_OCO,OCO,9.2,0,10,0
2023,5,ALT_DEV,DEV,4.8,-0.1,14,0
2023,5,ALT_TSU,TSU,4.7,0,10,0
2023,5,AST_ALO,ALO,9.1,0.1,82,14
2023,5,AST_STR,STR,7.7,0,33,0
2023,5,FER_LEC,LEC,21.2,0,31,12
2023,5,FER_SAI,SAI,17.2,0,23,3
2023,5,HAA_HUL,HUL,4,-0.1,24,0
2023,5,HAA_MAG,MAG,6.6,-0.1,15,0
2023,5,MCL_NOR,NOR,11.1,-0.1,17,1
2023,5,MCL_PIA,PIA,6.8,-0.1,9,0
2023,5,MER_HAM,HAM,23.8,0,17,7
2023,5,MER_RUS,RUS,18.6,0,20,3
2023,5,RED_PER,PER,18.4,0,47,11
2023,5,RED_VER,VER,27.3,0.1,64,47
2023,5,WIL_ALB,ALB,5.2,-0.1,11,0
2023,5,WIL_SAR,SAR,3.7,-0.1,9,0
2023,7,ALF_BOT,BOT,7.5,0,19,0
2023,7,ALF_ZHO,ZHO,4.7,0,16,0
2023,7,ALP_GAS,GAS,8.1,0,30,0
2023,7,ALP_OCO,OCO,9.2,0.2,10,0
2023,7,ALT_DEV,DEV,4.7,-0.1,13,0
2023,7,ALT_TSU,TSU,4.7,-0.1,11,0
2023,7,AST_ALO,ALO,9.2,0.2,82,14
2023,7,AST_STR,STR,7.7,-0.1,33,0
2023,7,FER_LEC,LEC,21.2,0,31,12
2023,7,FER_SAI,SAI,17.2,0,24,3
2023,7,HAA_HUL,HUL,3.9,0,24,0
2023,7,HAA_MAG,MAG,6.5,-0.1,15,0
2023,7,MCL_NOR,NOR,11,0,17,1
2023,7,MCL_PIA,PIA,6.7,-0.1,9,0
2023,7,MER_HAM,HAM,23.8,0.1,17,7
2023,7,MER_RUS,RUS,18.6,0,20,3
2023,7,RED_PER,PER,18.4,0,47,11
2023,7,RED_VER,VER,27.4,0.1,64,47
2023,7,WIL_ALB,ALB,5.1,-0.1,10,0
2023,7,WIL_SAR,SAR,3.6,-0.1,9,0
2023,8,ALF_BOT,BOT,7.5,-0.1,19,0
2023,8,ALF_ZHO,ZHO,4.7,0,15,0
2023,8,ALP_GAS,GAS,8.1,0,32,0
2023,8,ALP_OCO,OCO,9.4,0,11,0
2023,8,ALT_DEV,DEV,4.6,-0.1,13,0
2023,8,ALT_TSU,TSU,4.6,0,11,0
2023,8,AST_ALO,ALO,9.4,0,82,15
2023,8,AST_STR,STR,7.6,0,30,0
2023,8,FER_LEC,LEC,21.2,0,31,12
2023,8,FER_SAI,SAI,17.2,0,23,3
2023,8,HAA_HUL,HUL,3.9,-0.1,25,0
2023,8,HAA_MAG,MAG,6.4,0,15,0
2023,8,MCL_NOR,NOR,11,-0.1,17,1
2023,8,MCL_PIA,PIA,6.6,-0.1,9,0
2023,8,MER_HAM,HAM,23.9,0.1,17,7
2023,8,MER_RUS,RUS,18.6,0.1,20,3
2023,8,RED_PER,PER,18.4,0,47,11
2023,8,RED_VER,VER,27.5,0.1,64,47
2023,8,WIL_ALB,ALB,5,-0.1,10,0
2023,8,WIL_SAR,SAR,3.5,0,9,0
2023,9,ALF_BOT,BOT,7.4,0.1,19,0
2023,9,ALF_ZHO,ZHO,4.7,0,16,0
2023,9,ALP_GAS,GAS,8.1,0.5,31,0
2023,9,ALP_OCO,OCO,9.4,0.5,11,0
2023,9,ALT_DEV,DEV,4.5,0,13,0
2023,9,ALT_TSU,TSU,4.6,0.5,12,0
2023,9,AST_ALO,ALO,9.4,1,82,14
2023,9,AST_STR,STR,7.6,0.5,31,0
2023,9,FER_LEC,LEC,21.2,0.3,30,11
2023,9,FER_SAI,SAI,17.2,0.3,23,3
2023,9,HAA_HUL,HUL,3.8,0,24,0
2023,9,HAA_MAG,MAG,6.4,0,15,0
2023,9,MCL_NOR,NOR,10.9,0,17,1
2023,9,MCL_PIA,PIA,6.5,0,9,0
2023,9,MER_HAM,HAM,24,0.3,17,7
2023,9,MER_RUS,RUS,18.7,-0.5,21,3
2023,9,RED_PER,PER,18.4,0.3,46,10
2023,9,RED_VER,VER,27.6,0.2,64,48
2023,9,WIL_ALB,ALB,4.9,1,9,0
2023,9,WIL_SAR,SAR,3.5,0,9,0
2023,10,ALF_BOT,BOT,7.5,0.4,19,0
2023,10,ALF_ZHO,ZHO,4.7,0,17,0
2023,10,ALP_GAS,GAS,8.6,0,31,0
2023,10,ALP_OCO,OCO,9.9,0,11,0
2023,10,ALT_DEV,DEV,4.5,0,13,0
2023,10,ALT_TSU,TSU,5.1,0,12,0
2023,10,AST_ALO,ALO,10.4,0.5,82,15
2023,10,AST_STR,STR,8.1,0.5,31,0
2023,10,FER_LEC,LEC,21.5,0.3,30,11
2023,10,FER_SAI,SAI,17.5,0.1,24,3
2023,10,HAA_HUL,HUL,3.8,0,24,0
2023,10,HAA_MAG,MAG,6.4,0.5,15,0
2023,10,MCL_NOR,NOR,10.9,0.5,17,1
2023,10,MCL_PIA,PIA,6.5,0.5,9,0
2023,10,MER_HAM,HAM,24.3,0.1,17,7
2023,10,MER_RUS,RUS,18.2,0.3,21,3
2023,10,RED_PER,PER,18.7,0.3,45,10
2023,10,RED_VER,VER,27.8,0.1,64,47
2023,10,WIL_ALB,ALB,5.9,0.5,10,0
2023,10,WIL_SAR,SAR,3.5,0.5,8,0
2023,11,ALF_BOT,BOT,7.9,0,18,0
2023,11,ALF_ZHO,ZHO,4.7,0.5,16,0
2023,11,ALP_GAS,GAS,8.6,0,31,0
2023,11,ALP_OCO,OCO,9.9,-0.1,11,0
2023,11,ALT_DEV,DEV,4.5,0,13,0
2023,11,ALT_TSU,TSU,5.1,0,11,0
2023,11,AST_ALO,ALO,10.9,0.5,82,14
2023,11,AST_STR,STR,8.6,0,30,0
2023,11,FER_LEC,LEC,21.8,0.1,30,11
2023,11,FER_SAI,SAI,17.6,-0.2,24,3
2023,11,HAA_HUL,HUL,3.8,0,23,0
2023,11,HAA_MAG,MAG,6.9,-0.1,14,0
2023,11,MCL_NOR,NOR,11.4,1.5,18,1
2023,11,MCL_PIA,PIA,7,1,10,0
2023,11,MER_HAM,HAM,24.4,0.3,17,7
2023,11,MER_RUS,RUS,18.5,0.3,20,3
2023,11,RED_PER,PER,19,0.3,45,10
2023,11,RED_VER,VER,27.9,0.2,65,48
2023,11,WIL_ALB,ALB,6.4,0.5,13,0
2023,11,WIL_SAR,SAR,4,0.5,9,0
2023,12,ALF_BOT,BOT,7.9,0,18,0
2023,12,ALF_ZHO,ZHO,5.2,0,16,0
2023,12,ALP_GAS,GAS,8.6,-0.1,30,0
2023,12,ALP_OCO,OCO,9.8,-0.1,11,0
2023,12,ALT_DEV,DEV,4.5,0,0,0
2023,12,ALT_RIC,RIC,4.5,0,12,0
2023,12,ALT_TSU,TSU,5.1,0,11,0
2023,12,AST_ALO,ALO,11.4,0.5,80,14
2023,12,AST_STR,STR,8.6,0.5,28,0
2023,12,FER_LEC,LEC,21.9,0.1,30,11
2023,12,FER_SAI,SAI,17.4,0.1,23,3
2023,12,HAA_HUL,HUL,3.8,0,23,0
2023,12,HAA_MAG,MAG,6.8,0,14,0
2023,12,MCL_NOR,NOR,12.9,1,22,1
2023,12,MCL_PIA,PIA,8,1,13,0
2023,12,MER_HAM,HAM,24.7,0.3,18,7
2023,12,MER_RUS,RUS,18.8,0.3,21,3
2023,12,RED_PER,PER,19.3,1,44,9
2023,12,RED_VER,VER,28.1,0.2,65,49
2023,12,WIL_ALB,ALB,6.9,0.5,13,0
2023,12,WIL_SAR,SAR,4.5,0,8,0
2023,13,ALF_BOT,BOT,7.9,0,18,0
2023,13,ALF_ZHO,ZHO,5.2,0.5,16,0
2023,13,ALP_GAS,GAS,8.5,0.5,28,0
2023,13,ALP_OCO,OCO,9.7,1,10,0
2023,13,ALT_DEV,DEV,4.5,0,0,0
2023,13,ALT_RIC,RIC,4.5,0,12,0
2023,13,ALT_TSU,TSU,5.1,0,10,0
2023,13,AST_ALO,ALO,11.9,0,77,13
2023,13,AST_STR,STR,9.1,0.5,26,0
2023,13,FER_LEC,LEC,22,0.3,29,11
2023,13,FER_SAI,SAI,17.5,-0.2,23,3
2023,13,HAA_HUL,HUL,3.8,0.5,23,0
2023,13,HAA_MAG,MAG,6.8,0.5,13,0
2023,13,MCL_NOR,NOR,13.9,0.5,25,2
2023,13,MCL_PIA,PIA,9,0,17,0
2023,13,MER_HAM,HAM,25,0.1,18,7
2023,13,MER_RUS,RUS,19.1,0.3,20,3
2023,13,RED_PER,PER,20.3,-0.2,43,10
2023,13,RED_VER,VER,28.3,0.2,65,48
2023,13,WIL_ALB,ALB,7.4,0.5,13,0
2023,13,WIL_SAR,SAR,4.5,0,8,0
2023,14,ALF_BOT,BOT,7.9,0.5,,
2023,14,ALF_ZHO,ZHO,5.7,0,,
2023,14,ALP_GAS,GAS,9,1,,
2023,14,ALP_OCO,OCO,10.7,0.5,,
2023,14,ALT_DEV,DEV,4.5,0,,
2023,14,ALT_LAW,LAW,4.5,0.5,,
2023,14,ALT_RIC,RIC,4.5,0,,
2023,14,ALT_TSU,TSU,5.1,0.5,,
2023,14,AST_ALO,ALO,11.9,1.5,,
2023,14,AST_STR,STR,9.6,0.5,,
2023,14,FER_LEC,LEC,22.3,-0.2,,
2023,14,FER_SAI,SAI,17.3,0.3,,
2023,14,HAA_HUL,HUL,4.3,0.5,,
2023,14,HAA_MAG,MAG,7.3,0.5,,
2023,14,MCL_NOR,NOR,14.4,0.5,,
2023,14,MCL_PIA,PIA,9,0.5,,
2023,14,MER_HAM,HAM,25.1,0.1,,
2023,14,MER_RUS,RUS,19.4,-0.2,,
2023,14,RED_PER,PER,20.1,0.3,,
2023,14,RED_VER,VER,28.5,0.1,,
2023,14,WIL_ALB,ALB,7.9,0.5,,
2023,14,WIL_SAR,SAR,4.5,0,,
2023,15,ALF_BOT,BOT,8.4,0.5,,
2023,15,ALF_ZHO,ZHO,5.7,0,,
2023,15,ALP_GAS,GAS,10,0,,
2023,15,ALP_OCO,OCO,11.2,-0.1,,
2023,15,ALT_DEV,DEV,4.5,0,,
2023,15,ALT_LAW,LAW,5,0,,
2023,15,ALT_RIC,RIC,4.5,0,,
2023,15,ALT_TSU,TSU,5.6,-0.1,,
2023,15,AST_ALO,ALO,13.4,0,,
2023,15,AST_STR,STR,10.1,0.5,,
2023,15,FER_LEC,LEC,22.1,0.3,,
2023,15,FER_SAI,SAI,17.6,1,,
2023,15,HAA_HUL,HUL,4.8,0,,
2023,15,HAA_MAG,MAG,7.8,-0.3,,
2023,15,MCL_NOR,NOR,14.9,0.5,,
2023,15,MCL_PIA,PIA,9.5,0.5,,
2023,15,MER_HAM,HAM,25.2,0.1,,
2023,15,MER_RUS,RUS,19.2,0.3,,
2023,15,RED_PER,PER,20.4,0.3,,
2023,15,RED_VER,VER,28.6,0.2,,
2023,15,WIL_ALB,ALB,8.4,0.5,,
2023,15,WIL_SAR,SAR,4.5,0,,
2023,16,ALF_BOT,BOT,8.9,-0.1,,
2023,16,ALF_ZHO,ZHO,5.7,0.5,,
2023,16,ALP_GAS,GAS,10,1,,
2023,16,ALP_OCO,OCO,11.1,-0.1,,
2023,16,ALT_DEV,DEV,4.5,0,,
2023,16,ALT_LAW,LAW,5,0.5,,
2023,16,ALT_RIC,RIC,4.5,0,,
2023,16,ALT_TSU,TSU,5.5,-0.1,,
2023,16,AST_ALO,ALO,13.4,0,,
2023,16,AST_STR,STR,10.6,0,,
2023,16,FER_LEC,LEC,22.4,0.3,,
2023,16,FER_SAI,SAI,18.6,1,,
2023,16,HAA_HUL,HUL,4.8,0,,
2023,16,HAA_MAG,MAG,7.5,0.8,,
2023,16,MCL_NOR,NOR,15.4,0.3,,
2023,16,MCL_PIA,PIA,10,1,,
2023,16,MER_HAM,HAM,25.3,0.2,,
2023,16,MER_RUS,RUS,19.5,-0.2,,
2023,16,RED_PER,PER,20.7,0.1,,
2023,16,RED_VER,VER,28.8,0.1,,
2023,16,WIL_ALB,ALB,8.9,0.5,,
2023,16,WIL_SAR,SAR,4.5,0.5,,
2023,17,ALF_BOT,BOT,8.8,-0.1,,
2023,17,ALF_ZHO,ZHO,6.2,0.5,,
2023,17,ALP_GAS,GAS,11,0.5,,
2023,17,ALP_OCO,OCO,11,0.5,,
2023,17,ALT_DEV,DEV,4.5,0,,
2023,17,ALT_LAW,LAW,5.5,0.5,,
2023,17,ALT_RIC,RIC,4.5,0,,
2023,17,ALT_TSU,TSU,5.4,0,,
2023,17,AST_ALO,ALO,13.4,1,,
2023,17,AST_STR,STR,10.6,-0.1,,
2023,17,FER_LEC,LEC,22.7,0.3,,
2023,17,FER_SAI,SAI,19.6,0.3,,
2023,17,HAA_HUL,HUL,4.8,0.5,,
2023,17,HAA_MAG,MAG,8.3,0,,
2023,17,MCL_NOR,NOR,15.7,1,,
2023,17,MCL_PIA,PIA,11,1.5,,
2023,17,MER_HAM,HAM,25.5,0.1,,
2023,17,MER_RUS,RUS,19.3,0.3,,
2023,17,RED_PER,PER,20.8,-0.5,,
2023,17,RED_VER,VER,28.9,0.2,,
2023,17,WIL_ALB,ALB,9.4,-0.1,,
2023,17,WIL_SAR,SAR,5,-0.1,,
2023,18,ALF_BOT,BOT,8.7,0.5,,
2023,18,ALF_ZHO,ZHO,6.7,0.5,,
2023,18,ALP_GAS,GAS,11.5,0.5,,
2023,18,ALP_OCO,OCO,11.5,0,,
2023,18,ALT_DEV,DEV,4.5,0,,
2023,18,ALT_LAW,LAW,6,0,,
2023,18,ALT_RIC,RIC,4.5,0,,
2023,18,ALT_TSU,TSU,5.4,0.5,,
2023,18,AST_ALO,ALO,14.4,1,,
2023,18,AST_STR,STR,10.5,0.5,,
2023,18,FER_LEC,LEC,23,0.3,,
2023,18,FER_SAI,SAI,19.9,-0.5,,
2023,18,HAA_HUL,HUL,5.3,-0.1,,
2023,18,HAA_MAG,MAG,8.3,1,,
2023,18,MCL_NOR,NOR,16.7,0.3,,
2023,18,MCL_PIA,PIA,12.5,1.5,,
2023,18,MER_HAM,HAM,25.6,-0.3,,
2023,18,MER_RUS,RUS,19.6,0.3,,
2023,18,RED_PER,PER,20.3,-0.2,,
2023,18,RED_VER,VER,29.1,0.2,,
2023,18,WIL_ALB,ALB,9.3,1,,
2023,18,WIL_SAR,SAR,4.9,-0.1,,
2023,19,ALF_BOT,BOT,9.2,0.5,,
2023,19,ALF_ZHO,ZHO,7.2,0,,
2023,19,ALP_GAS,GAS,12,1,,
2023,19,ALP_OCO,OCO,11.5,0,,
2023,19,ALT_DEV,DEV,4.5,0,,
2023,19,ALT_LAW,LAW,6,0,,
2023,19,ALT_RIC,RIC,4.5,0,,
2023,19,ALT_TSU,TSU,5.9,1,,
2023,19,AST_ALO,ALO,15.4,-0.2,,
2023,19,AST_STR,STR,11,0.5,,
2023,19,FER_LEC,LEC,23.3,-0.2,,
2023,19,FER_SAI,SAI,19.4,0.3,,
2023,19,HAA_HUL,HUL,5.2,0.5,,
2023,19,HAA_MAG,MAG,9.3,0.5,,
2023,19,MCL_NOR,NOR,17,1,,
2023,19,MCL_PIA,PIA,14,-0.1,,
2023,19,MER_HAM,HAM,25.3,-0.3,,
2023,19,MER_RUS,RUS,19.9,0.3,,
2023,19,RED_PER,PER,20.1,0.3,,
2023,19,RED_VER,VER,29.3,0.2,,
2023,19,WIL_ALB,ALB,10.3,0.5,,
2023,19,WIL_SAR,SAR,4.8,0.5,,
2023,20,ALF_BOT,BOT,9.7,0,,
2023,20,ALF_ZHO,ZHO,7.2,0,,
2023,20,ALP_GAS,GAS,13,0.5,,
2023,20,ALP_OCO,OCO,11.5,0.5,,
2023,20,ALT_DEV,DEV,4.5,0,,
2023,20,ALT_LAW,LAW,6,0,,
2023,20,ALT_RIC,RIC,4.5,0.5,,
2023,20,ALT_TSU,TSU,6.9,1,,
2023,20,AST_ALO,ALO,15.2,-0.5,,
2023,20,AST_STR,STR,11.5,0.5,,
2023,20,FER_LEC,LEC,23.1,0.3,,
2023,20,FER_SAI,SAI,19.7,0.1,,
2023,20,HAA_HUL,HUL,5.7,0.5,,
2023,20,HAA_MAG,MAG,9.8,-0.1,,
2023,20,MCL_NOR,NOR,18,1,,
2023,20,MCL_PIA,PIA,13.9,0.5,,
2023,20,MER_HAM,HAM,25,0.2,,
2023,20,MER_RUS,RUS,20.2,0.1,,
2023,20,RED_PER,PER,20.4,-0.2,,
2023,20,RED_VER,VER,29.5,0.2,,
2023,20,WIL_ALB,ALB,10.8,0.5,,
2023,20,WIL_SAR,SAR,5.3,0,,
2023,21,ALF_BOT,BOT,9.7,-0.1,,
2023,21,ALF_ZHO,ZHO,7.2,0,,
2023,21,ALP_GAS,GAS,13.5,1,,
2023,21,ALP_OCO,OCO,12,0.5,,
2023,21,ALT_DEV,DEV,4.5,0,,
2023,21,ALT_LAW,LAW,6,0,,
2023,21,ALT_RIC,RIC,5,0.5,,
2023,21,ALT_TSU,TSU,7.9,1,,
2023,21,AST_ALO,ALO,14.7,1,,
2023,21,AST_STR,STR,12,1,,
2023,21,FER_LEC,LEC,23.4,-0.2,,
2023,21,FER_SAI,SAI,19.8,0.3,,
2023,21,HAA_HUL,HUL,6.2,0,,
2023,21,HAA_MAG,MAG,9.7,-0.1,,
2023,21,MCL_NOR,NOR,19,1,,
2023,21,MCL_PIA,PIA,14.4,0,,
2023,21,MER_HAM,HAM,25.2,0,,
2023,21,MER_RUS,RUS,20.3,-0.2,,
2023,21,RED_PER,PER,20.2,0.3,,
2023,21,RED_VER,VER,29.7,0.2,,
2023,21,WIL_ALB,ALB,11.3,0,,
2023,21,WIL_SAR,SAR,5.3,0.5,,
2023,22,ALF_BOT,BOT,9.6,0,,
2023,22,ALF_ZHO,ZHO,7.2,0.5,,
2023,22,ALP_GAS,GAS,14.5,0,,
2023,22,ALP_OCO,OCO,12.5,1,,
2023,22,ALT_DEV,DEV,4.5,0,,
2023,22,ALT_LAW,LAW,6,0,,
2023,22,ALT_RIC,RIC,5.5,0,,
2023,22,ALT_TSU,TSU,8.9,0.5,,
2023,22,AST_ALO,ALO,15.7,0.1,,
2023,22,AST_STR,STR,13,1,,
2023,22,FER_LEC,LEC,23.2,0.3,,
2023,22,FER_SAI,SAI,20.1,0.3,,
2023,22,HAA_HUL,HUL,6.2,0,,
2023,22,HAA_MAG,MAG,9.6,0,,
2023,22,MCL_NOR,NOR,20,-0.2,,
2023,22,MCL_PIA,PIA,14.4,1,,
2023,22,MER_HAM,HAM,25.2,0.1,,
2023,22,MER_RUS,RUS,20.1,0.1,,
2023,22,RED_PER,PER,20.5,0.3,,
2023,22,RED_VER,VER,29.9,0.1,,
2023,22,WIL_ALB,ALB,11.3,0,,
2023,22,WIL_SAR,SAR,5.8,0,,
2023,23,ALF_BOT,BOT,9.6,0,,
2023,23,ALF_ZHO,ZHO,7.7,0.5,,
2023,23,ALP_GAS,GAS,14.5,0,,
2023,23,ALP_OCO,OCO,13.5,0,,
2023,23,ALT_DEV,DEV,4.5,0,,
2023,23,ALT_LAW,LAW,6,0,,
2023,23,ALT_RIC,RIC,5.5,0.5,,
2023,23,ALT_TSU,TSU,9.4,0.5,,
2023,23,AST_ALO,ALO,15.8,0.1,,
2023,23,AST_STR,STR,14,0.5,,
2023,23,FER_LEC,LEC,23.5,0.3,,
2023,23,FER_SAI,SAI,20.4,-0.2,,
2023,23,HAA_HUL,HUL,6.2,0,,
2023,23,HAA_MAG,MAG,9.6,0,,
2023,23,MCL_NOR,NOR,19.8,0.3,,
2023,23,MCL_PIA,PIA,15.4,0.1,,
2023,23,MER_HAM,HAM,25.3,0,,
2023,23,MER_RUS,RUS,20.2,0.3,,
2023,23,RED_PER,PER,20.8,0.3,,
2023,23,RED_VER,VER,30,0.2,,
2023,23,WIL_ALB,ALB,11.3,0,,
2023,23,WIL_SAR,SAR,5.8,0,,
2024,1,ALP_GAS,GAS,7.8,-0.1,30,0
2024,1,ALP_OCO,OCO,7.8,0.5,12,0
2024,1,AST_ALO,ALO,15.8,0.1,33,6
2024,1,AST_STR,STR,10.7,0.5,18,1
2024,1,FER_LEC,LEC,19.1,0.3,32,15
2024,1,FER_SAI,SAI,18.5,0.3,16,5
2024,1,HAA_HUL,HUL,6.4,-0.2,20,0
2024,1,HAA_MAG,MAG,6.2,0.5,17,0
2024,1,KCK_BOT,BOT,6.4,-0.2,24,0
2024,1,KCK_ZHO,ZHO,6.6,0.5,15,0
2024,1,MCL_NOR,NOR,23,0.1,20,10
2024,1,MCL_PIA,PIA,19,0.1,15,3
2024,1,MER_HAM,HAM,19.3,0.1,19,9
2024,1,MER_RUS,RUS,18.8,0.3,11,3
2024,1,RED_PER,PER,20.8,0.3,12,6
2024,1,RED_VER,VER,30,0.2,48,39
2024,1,VRB_RIC,RIC,9,-0.1,52,2
2024,1,VRB_TSU,TSU,8,-0.2,29,0
2024,1,WIL_ALB,ALB,7,-0.2,59,1
2024,1,WIL_SAR,SAR,5.5,-0.1,17,0
2024,2,ALP_GAS,GAS,7.7,-0.2,25,0
2024,2,ALP_OCO,OCO,8.3,0.5,15,0
2024,2,AST_ALO,ALO,15.9,0.3,32,5
2024,2,AST_STR,STR,11.2,-0.2,18,1
2024,2,FER_BEA,BEA,14,1,2,0
2024,2,FER_LEC,LEC,19.4,1,34,17
2024,2,FER_SAI,SAI,18.8,0,16,5
2024,2,HAA_HUL,HUL,6.2,0.5,25,0
2024,2,HAA_MAG,MAG,6.7,0.5,22,0
2024,2,KCK_BOT,BOT,6.2,-0.2,24,0
2024,2,KCK_ZHO,ZHO,7.1,-0.2,15,0
2024,2,MCL_NOR,NOR,23.1,0.1,19,10
2024,2,MCL_PIA,PIA,19.1,0.3,16,4
2024,2,MER_HAM,HAM,19.4,0.1,17,7
2024,2,MER_RUS,RUS,19.1,0.1,11,2
2024,2,RED_PER,PER,21.1,1,13,7
2024,2,RED_VER,VER,30.2,0.2,47,39
2024,2,VRB_RIC,RIC,8.9,-0.2,46,1
2024,2,VRB_TSU,TSU,7.8,-0.2,29,0
2024,2,WIL_ALB,ALB,6.8,0.5,59,1
2024,2,WIL_SAR,SAR,5.4,0.5,16,0
2024,3,ALP_GAS,GAS,7.5,-0.1,23,0
2024,3,ALP_OCO,OCO,8.8,-0.2,14,0
2024,3,AST_ALO,ALO,16.2,0.1,32,5
2024,3,AST_STR,STR,11,1,17,1
2024,3,FER_BEA,BEA,15,0,1,0
2024,3,FER_LEC,LEC,20.4,1,33,16
2024,3,FER_SAI,SAI,18.8,1,21,8
2024,3,HAA_HUL,HUL,6.7,0.5,28,0
2024,3,HAA_MAG,MAG,7.2,0.5,24,0
2024,3,KCK_BOT,BOT,6,-0.1,24,0
2024,3,KCK_ZHO,ZHO,6.9,-0.1,14,0
2024,3,MCL_NOR,NOR,23.2,0.3,19,10
2024,3,MCL_PIA,PIA,19.4,0.3,16,4
2024,3,MER_HAM,HAM,19.5,-0.5,16,7
2024,3,MER_RUS,RUS,19.2,-0.5,10,2
2024,3,RED_PER,PER,22.1,0.3,13,7
2024,3,RED_VER,VER,30.4,-0.7,46,38
2024,3,VRB_RIC,RIC,8.7,0.5,42,1
2024,3,VRB_TSU,TSU,7.6,0.5,33,0
2024,3,WIL_ALB,ALB,7.3,-0.1,56,1
2024,3,WIL_SAR,SAR,5.9,0,17,0
2024,4,ALP_GAS,GAS,7.4,-0.1,22,0
2024,4,ALP_OCO,OCO,8.6,-0.1,13,0
2024,4,AST_ALO,ALO,16.3,0.1,32,5
2024,4,AST_STR,STR,12,0.5,17,1
2024,4,FER_BEA,BEA,15,0,1,0
2024,4,FER_LEC,LEC,21.4,0.3,32,16
2024,4,FER_SAI,SAI,19.8,0.3,23,9
2024,4,HAA_HUL,HUL,7.2,0.5,30,0
2024,4,HAA_MAG,MAG,7.7,0.5,26,0
2024,4,KCK_BOT,BOT,5.9,0.5,27,0
2024,4,KCK_ZHO,ZHO,6.8,-0.2,14,0
2024,4,MCL_NOR,NOR,23.5,0.3,19,10
2024,4,MCL_PIA,PIA,19.7,0.1,16,3
2024,4,MER_HAM,HAM,19,-0.3,15,7
2024,4,MER_RUS,RUS,18.7,0.1,10,2
2024,4,RED_PER,PER,22.4,0.3,13,7
2024,4,RED_VER,VER,29.7,0.2,45,37
2024,4,VRB_RIC,RIC,9.2,-0.2,39,1
2024,4,VRB_TSU,TSU,8.1,0.5,35,1
2024,4,WIL_ALB,ALB,7.2,-0.2,53,1
2024,4,WIL_SAR,SAR,5.9,0.5,18,0
2024,5,ALP_GAS,GAS,7.3,0.5,23,0
2024,5,ALP_OCO,OCO,8.5,0.5,14,0
2024,5,AST_ALO,ALO,16.4,0.1,32,5
2024,5,AST_STR,STR,12.5,0.5,16,1
2024,5,FER_BEA,BEA,15,0,1,0
2024,5,FER_LEC,LEC,21.7,0.3,32,16
2024,5,FER_SAI,SAI,20.1,0.3,23,9
2024,5,HAA_HUL,HUL,7.7,-0.1,31,0
2024,5,HAA_MAG,MAG,8.2,0.5,26,0
2024,5,KCK_BOT,BOT,6.4,-0.2,26,0
2024,5,KCK_ZHO,ZHO,6.6,0.5,14,0
2024,5,MCL_NOR,NOR,23.8,0.3,20,10
2024,5,MCL_PIA,PIA,19.8,0.1,15,3
2024,5,MER_HAM,HAM,18.7,0.3,15,6
2024,5,MER_RUS,RUS,18.8,0.3,9,2
2024,5,RED_PER,PER,22.7,0.3,13,7
2024,5,RED_VER,VER,29.9,0.2,46,37
2024,5,VRB_RIC,RIC,9,-0.2,39,1
2024,5,VRB_TSU,TSU,8.6,-0.2,34,1
2024,5,WIL_ALB,ALB,7,0.5,51,1
2024,5,WIL_SAR,SAR,6.4,-0.1,19,0
2024,6,ALP_GAS,GAS,7.8,0.5,23,0
2024,6,ALP_OCO,OCO,9,0.5,15,0
2024,6,AST_ALO,ALO,16.5,0.1,31,5
2024,6,AST_STR,STR,13,-0.2,15,0
2024,6,FER_BEA,BEA,15,0,1,0
2024,6,FER_LEC,LEC,22,0.3,33,17
2024,6,FER_SAI,SAI,20.4,0.3,23,9
2024,6,HAA_HUL,HUL,7.6,0.5,33,0
2024,6,HAA_MAG,MAG,8.7,-0.1,24,0
2024,6,KCK_BOT,BOT,6.2,0.5,27,0
2024,6,KCK_ZHO,ZHO,7.1,0.5,14,0
2024,6,MCL_NOR,NOR,24.1,0.3,21,11
2024,6,MCL_PIA,PIA,19.9,0.1,16,4
2024,6,MER_HAM,HAM,19,0.1,15,6
2024,6,MER_RUS,RUS,19.1,0.1,9,2
2024,6,RED_PER,PER,23,0.3,12,6
2024,6,RED_VER,VER,30.1,0.1,44,36
2024,6,VRB_RIC,RIC,8.8,0.5,38,1
2024,6,VRB_TSU,TSU,8.4,1,36,1
2024,6,WIL_ALB,ALB,7.5,0.5,50,1
2024,6,WIL_SAR,SAR,6.3,-0.2,19,0
2024,7,ALP_GAS,GAS,8.3,-0.1,23,0
2024,7,ALP_OCO,OCO,9.5,-0.1,15,0
2024,7,AST_ALO,ALO,16.6,-0.3,30,5
2024,7,AST_STR,STR,12.8,0.5,14,0
2024,7,FER_BEA,BEA,15,0,1,0
2024,7,FER_LEC,LEC,22.3,0.3,35,19
2024,7,FER_SAI,SAI,20.7,0.3,21,8
2024,7,HAA_HUL,HUL,8.1,-0.1,34,0
2024,7,HAA_MAG,MAG,8.6,0.5,24,0
2024,7,KCK_BOT,BOT,6.7,-0.2,27,0
2024,7,KCK_ZHO,ZHO,7.6,-0.1,14,0
2024,7,MCL_NOR,NOR,24.4,1,21,11
2024,7,MCL_PIA,PIA,20,0.3,17,4
2024,7,MER_HAM,HAM,19.1,0.3,16,6
2024,7,MER_RUS,RUS,19.2,0.3,9,2
2024,7,RED_PER,PER,23.3,0.1,11,6
2024,7,RED_VER,VER,30.2,0.2,44,36
2024,7,VRB_RIC,RIC,9.3,-0.2,37,1
2024,7,VRB_TSU,TSU,9.4,-0.1,37,1
2024,7,WIL_ALB,ALB,8,-0.2,49,1
2024,7,WIL_SAR,SAR,6.1,-0.2,20,0
2024,8,ALP_GAS,GAS,8.2,-0.1,25,0
2024,8,ALP_OCO,OCO,9.4,-0.2,14,0
2024,8,AST_ALO,ALO,16.3,0.1,30,5
2024,8,AST_STR,STR,13.3,-0.1,14,0
2024,8,FER_BEA,BEA,15,0,1,0
2024,8,FER_LEC,LEC,22.6,1,35,19
2024,8,FER_SAI,SAI,21,1,21,8
2024,8,HAA_HUL,HUL,8,-0.2,33,0
2024,8,HAA_MAG,MAG,9.1,-0.2,23,0
2024,8,KCK_BOT,BOT,6.5,1,27,0
2024,8,KCK_ZHO,ZHO,7.5,-0.1,15,0
2024,8,MCL_NOR,NOR,25.4,0.2,22,11
2024,8,MCL_PIA,PIA,20.3,1,17,4
2024,8,MER_HAM,HAM,19.4,1,16,7
2024,8,MER_RUS,RUS,19.5,1,9,2
2024,8,RED_PER,PER,23.4,-0.5,10,5
2024,8,RED_VER,VER,30.4,0.1,43,35
2024,8,VRB_RIC,RIC,9.1,-0.2,37,1
2024,8,VRB_TSU,TSU,9.3,0.5,39,1
2024,8,WIL_ALB,ALB,7.8,0.5,49,1
2024,8,WIL_SAR,SAR,5.9,-0.1,21,0
2024,9,ALP_GAS,GAS,8.1,1,26,0
2024,9,ALP_OCO,OCO,9.2,1,14,0
2024,9,AST_ALO,ALO,16.4,0.3,30,5
2024,9,AST_STR,STR,13.2,1,14,0
2024,9,FER_BEA,BEA,15,0,1,0
2024,9,FER_LEC,LEC,23.6,-0.5,33,17
2024,9,FER_SAI,SAI,22,-0.5,22,8
2024,9,HAA_HUL,HUL,7.8,1,32,0
2024,9,HAA_MAG,MAG,8.9,1,22,0
2024,9,KCK_BOT,BOT,7.5,0.5,27,0
2024,9,KCK_ZHO,ZHO,7.4,0.5,15,0
2024,9,MCL_NOR,NOR,25.6,0.2,23,13
2024,9,MCL_PIA,PIA,21.3,0.3,17,4
2024,9,MER_HAM,HAM,20.4,1,16,7
2024,9,MER_RUS,RUS,20.5,0.3,10,2
2024,9,RED_PER,PER,22.9,-0.5,10,5
2024,9,RED_VER,VER,30.5,0.2,43,35
2024,9,VRB_RIC,RIC,8.9,0.5,37,1
2024,9,VRB_TSU,TSU,9.8,-0.2,38,1
2024,9,WIL_ALB,ALB,8.3,-0.2,49,1
2024,9,WIL_SAR,SAR,5.8,-0.2,21,0
2024,10,ALP_GAS,GAS,9.1,0.5,28,0
2024,10,ALP_OCO,OCO,10.2,-0.1,15,0
2024,10,AST_ALO,ALO,16.7,-0.3,29,5
2024,10,AST_STR,STR,14.2,-0.1,14,0
2024,10,FER_BEA,BEA,15,0,1,0
2024,10,FER_LEC,LEC,23.1,0.1,32,16
2024,10,FER_SAI,SAI,21.5,0.1,21,8
2024,10,HAA_HUL,HUL,8.8,-0.1,32,0
2024,10,HAA_MAG,MAG,9.9,-0.1,22,0
2024,10,KCK_BOT,BOT,8,-0.1,26,0
2024,10,KCK_ZHO,ZHO,7.9,-0.1,16,0
2024,10,MCL_NOR,NOR,25.8,0.2,25,14
2024,10,MCL_PIA,PIA,21.6,0.1,17,4
2024,10,MER_HAM,HAM,21.4,0.3,16,7
2024,10,MER_RUS,RUS,20.8,0.3,10,2
2024,10,RED_PER,PER,22.4,0.1,10,5
2024,10,RED_VER,VER,30.7,0.1,43,35
2024,10,VRB_RIC,RIC,9.4,0.5,37,1
2024,10,VRB_TSU,TSU,9.6,-0.1,38,1
2024,10,WIL_ALB,ALB,8.1,-0.1,48,1
2024,10,WIL_SAR,SAR,5.6,-0.1,22,0
2024,11,ALP_GAS,GAS,9.6,0.5,28,0
2024,11,ALP_OCO,OCO,10.1,-0.1,14,0
2024,11,AST_ALO,ALO,16.4,0.1,29,4
2024,11,AST_STR,STR,14.1,0.5,13,0
2024,11,FER_BEA,BEA,15,0,1,0
2024,11,FER_LEC,LEC,23.2,0.1,31,15
2024,11,FER_SAI,SAI,21.6,0.3,20,7
2024,11,HAA_HUL,HUL,8.7,0.5,33,0
2024,11,HAA_MAG,MAG,9.8,0.5,22,0
2024,11,KCK_BOT,BOT,7.9,-0.1,26,0
2024,11,KCK_ZHO,ZHO,7.8,-0.1,16,0
2024,11,MCL_NOR,NOR,26,0,26,15
2024,11,MCL_PIA,PIA,21.7,0.3,18,4
2024,11,MER_HAM,HAM,21.7,0.1,16,7
2024,11,MER_RUS,RUS,21.1,0.3,11,3
2024,11,RED_PER,PER,22.5,0.1,9,5
2024,11,RED_VER,VER,30.8,0.1,43,35
2024,11,VRB_RIC,RIC,9.9,0.5,36,1
2024,11,VRB_TSU,TSU,9.5,0.5,37,1
2024,11,WIL_ALB,ALB,8,0.5,48,1
2024,11,WIL_SAR,SAR,5.5,-0.2,22,0
2024,12,ALP_GAS,GAS,10.1,-0.2,27,0
2024,12,ALP_OCO,OCO,10,0.5,13,0
2024,12,AST_ALO,ALO,16.5,0.1,28,4
2024,12,AST_STR,STR,14.6,0.5,13,0
2024,12,FER_BEA,BEA,15,0,1,0
2024,12,FER_LEC,LEC,23.3,-0.3,29,14
2024,12,FER_SAI,SAI,21.9,0.3,20,7
2024,12,HAA_HUL,HUL,9.2,0.5,35,0
2024,12,HAA_MAG,MAG,10.3,0.5,22,0
2024,12,KCK_BOT,BOT,7.8,-0.1,26,0
2024,12,KCK_ZHO,ZHO,7.7,-0.2,16,0
2024,12,MCL_NOR,NOR,26,0.1,27,16
2024,12,MCL_PIA,PIA,22,0.3,18,5
2024,12,MER_HAM,HAM,21.8,1,16,7
2024,12,MER_RUS,RUS,21.4,-0.5,12,3
2024,12,RED_PER,PER,22.6,0.1,9,5
2024,12,RED_VER,VER,30.9,0.1,42,34
2024,12,VRB_RIC,RIC,10.4,0.5,37,1
2024,12,VRB_TSU,TSU,10,0.5,37,1
2024,12,WIL_ALB,ALB,8.5,0.5,48,1
2024,12,WIL_SAR,SAR,5.3,-0.1,23,0
2024,13,ALP_GAS,GAS,9.9,-0.2,26,0
2024,13,ALP_OCO,OCO,10.5,0.5,14,0
2024,13,AST_ALO,ALO,16.6,-0.3,28,4
2024,13,AST_STR,STR,15.1,0.1,13,0
2024,13,FER_BEA,BEA,15,0,1,0
2024,13,FER_LEC,LEC,23,0.3,29,14
2024,13,FER_SAI,SAI,22.2,0.3,19,7
2024,13,HAA_HUL,HUL,9.7,-0.2,35,0
2024,13,HAA_MAG,MAG,10.8,0.5,22,0
2024,13,KCK_BOT,BOT,7.7,-0.1,27,0
2024,13,KCK_ZHO,ZHO,7.5,-0.2,16,0
2024,13,MCL_NOR,NOR,26.1,0.1,28,17
2024,13,MCL_PIA,PIA,22.3,1,19,5
2024,13,MER_HAM,HAM,22.8,0.3,16,7
2024,13,MER_RUS,RUS,20.9,0.3,11,2
2024,13,RED_PER,PER,22.7,0.3,9,4
2024,13,RED_VER,VER,31,0.1,41,33
2024,13,VRB_RIC,RIC,10.9,-0.1,37,1
2024,13,VRB_TSU,TSU,10.5,-0.1,37,1
2024,13,WIL_ALB,ALB,9,-0.1,48,1
2024,13,WIL_SAR,SAR,5.2,-0.1,23,0
2024,14,ALP_GAS,GAS,9.7,-0.1,26,0
2024,14,ALP_OCO,OCO,11,0.5,14,0
2024,14,AST_ALO,ALO,16.3,0.1,28,4
2024,14,AST_STR,STR,15.2,0.1,13,0
2024,14,FER_BEA,BEA,15,0,1,0
2024,14,FER_LEC,LEC,23.3,0.3,28,14
2024,14,FER_SAI,SAI,22.5,0.1,19,7
2024,14,HAA_HUL,HUL,9.5,-0.1,34,0
2024,14,HAA_MAG,MAG,11.3,0.5,22,0
2024,14,KCK_BOT,BOT,7.6,-0.1,28,0
2024,14,KCK_ZHO,ZHO,7.3,-0.2,16,0
2024,14,MCL_NOR,NOR,26.2,0.1,27,17
2024,14,MCL_PIA,PIA,23.3,0.3,20,6
2024,14,MER_HAM,HAM,23.1,1,17,7
2024,14,MER_RUS,RUS,21.2,-0.5,12,3
2024,14,RED_PER,PER,23,0.3,9,4
2024,14,RED_VER,VER,31.1,0.2,40,33
2024,14,VRB_RIC,RIC,10.8,0.5,36,1
2024,14,VRB_TSU,TSU,10.4,0.5,37,1
2024,14,WIL_ALB,ALB,8.9,-0.1,49,1
2024,14,WIL_SAR,SAR,5.1,-0.1,24,0
2024,15,ALP_GAS,GAS,9.6,0.5,26,0
2024,15,ALP_OCO,OCO,11.5,-0.1,13,0
2024,15,AST_ALO,ALO,16.4,0.1,28,4
2024,15,AST_STR,STR,15.3,-0.3,13,0
2024,15,FER_BEA,BEA,15,0,1,0
2024,15,FER_LEC,LEC,23.6,0.3,29,14
2024,15,FER_SAI,SAI,22.6,0.3,19,7
2024,15,HAA_HUL,HUL,9.4,0.5,34,0
2024,15,HAA_MAG,MAG,11.8,0.5,22,0
2024,15,KCK_BOT,BOT,7.5,-0.1,28,0
2024,15,KCK_ZHO,ZHO,7.1,-0.2,16,0
2024,15,MCL_NOR,NOR,26.3,0.2,29,18
2024,15,MCL_PIA,PIA,23.6,0.3,19,6
2024,15,MER_HAM,HAM,24.1,0.3,17,8
2024,15,MER_RUS,RUS,20.7,0.1,12,3
2024,15,RED_PER,PER,23.3,0.1,9,4
2024,15,RED_VER,VER,31.3,0.1,39,32
2024,15,VRB_RIC,RIC,11.3,-0.1,36,1
2024,15,VRB_TSU,TSU,10.9,-0.2,36,1
2024,15,WIL_ALB,ALB,8.8,-0.2,49,1
2024,15,WIL_SAR,SAR,5,-0.2,21,0
2024,16,ALP_GAS,GAS,10.1,-0.1,26,0
2024,16,ALP_OCO,OCO,11.4,-0.1,13,0
2024,16,AST_ALO,ALO,16.5,-0.3,29,4
2024,16,AST_STR,STR,15,-0.3,13,0
2024,16,FER_BEA,BEA,15,0,1,0
2024,16,FER_LEC,LEC,23.9,1,30,15
2024,16,FER_SAI,SAI,22.9,0.3,18,7
2024,16,HAA_HUL,HUL,9.9,-0.2,34,0
2024,16,HAA_MAG,MAG,12.3,0.5,19,0
2024,16,KCK_BOT,BOT,7.4,-0.1,28,0
2024,16,KCK_ZHO,ZHO,6.9,-0.1,16,0
2024,16,MCL_NOR,NOR,26.5,0.1,29,18
2024,16,MCL_PIA,PIA,23.9,0.3,20,6
2024,16,MER_HAM,HAM,24.4,0.1,17,7
2024,16,MER_RUS,RUS,20.8,0.3,12,2
2024,16,RED_PER,PER,23.4,0.1,9,4
2024,16,RED_VER,VER,31.4,0,38,31
2024,16,VRB_RIC,RIC,11.2,-0.1,35,1
2024,16,VRB_TSU,TSU,10.7,-0.2,35,1
2024,16,WIL_ALB,ALB,8.6,-0.1,50,1
2024,16,WIL_COL,COL,4.8,0.5,10,0
2024,16,WIL_SAR,SAR,4.8,0,18,0
2024,17,ALP_GAS,GAS,10,-0.2,25,0
2024,17,ALP_OCO,OCO,11.3,0.5,13,0
2024,17,AST_ALO,ALO,16.2,0.1,29,4
2024,17,AST_STR,STR,14.7,-0.2,12,0
2024,17,FER_LEC,LEC,24.9,0.3,30,15
2024,17,FER_SAI,SAI,23.2,-0.5,19,7
2024,17,HAA_BEA,BEA,15,0.1,1,0
2024,17,HAA_HUL,HUL,9.7,0.5,33,0
2024,17,HAA_MAG,MAG,12.8,0,18,0
2024,17,KCK_BOT,BOT,7.3,-0.1,28,0
2024,17,KCK_ZHO,ZHO,6.8,0.5,16,0
2024,17,MCL_NOR,NOR,26.6,0.2,30,19
2024,17,MCL_PIA,PIA,24.2,1,20,6
2024,17,MER_HAM,HAM,24.5,0.3,16,7
2024,17,MER_RUS,RUS,21.1,0.3,12,2
2024,17,RED_PER,PER,23.5,-0.5,9,4
2024,17,RED_VER,VER,31.4,0.1,37,30
2024,17,VRB_RIC,RIC,11.1,-0.1,35,1
2024,17,VRB_TSU,TSU,10.5,-0.2,34,1
2024,17,WIL_ALB,ALB,8.5,0.5,51,1
2024,17,WIL_COL,COL,5.3,0.5,13,0
2024,17,WIL_SAR,SAR,4.8,0,17,0
2024,18,ALP_GAS,GAS,9.8,-0.1,25,0
2024,18,ALP_OCO,OCO,11.8,0.5,13,0
2024,18,AST_ALO,ALO,16.3,0.1,29,4
2024,18,AST_STR,STR,14.5,-0.1,12,0
2024,18,FER_LEC,LEC,25.2,0.1,30,15
2024,18,FER_SAI,SAI,22.7,0.3,19,6
2024,18,HAA_BEA,BEA,13.3,0,1,0
2024,18,HAA_HUL,HUL,10.2,0.5,34,0
2024,18,HAA_MAG,MAG,12.6,-0.2,18,0
2024,18,KCK_BOT,BOT,7.2,-0.1,28,0
2024,18,KCK_ZHO,ZHO,7.3,0.5,16,0
2024,18,MCL_NOR,NOR,26.8,0.2,30,19
2024,18,MCL_PIA,PIA,25.2,0.1,20,6
2024,18,MER_HAM,HAM,24.8,0.3,16,7
2024,18,MER_RUS,RUS,21.4,0.3,12,3
2024,18,RED_PER,PER,23,0.1,8,4
2024,18,RED_VER,VER,31.5,0.1,37,30
2024,18,VRB_RIC,RIC,11,1,33,1
2024,18,VRB_TSU,TSU,10.3,-0.1,34,1
2024,18,WIL_ALB,ALB,9,-0.2,50,1
2024,18,WIL_COL,COL,5.8,0.5,16,0
2024,18,WIL_SAR,SAR,4.6,0,16,0
2024,19,ALP_GAS,GAS,9.7,-0.2,25,0
2024,19,ALP_OCO,OCO,12.3,0.5,13,0
2024,19,AST_ALO,ALO,16.4,-0.5,29,4
2024,19,AST_STR,STR,14.4,-0.1,12,0
2024,19,FER_LEC,LEC,25.3,0.2,31,15
2024,19,FER_SAI,SAI,23,0.3,20,7
2024,19,HAA_BEA,BEA,13.3,0,1,0
2024,19,HAA_HUL,HUL,10.7,0.5,34,0
2024,19,HAA_MAG,MAG,12.4,0.5,18,0
2024,19,KCK_BOT,BOT,7.1,-0.1,28,0
2024,19,KCK_ZHO,ZHO,7.8,-0.1,16,0
2024,19,MCL_NOR,NOR,27,0.1,30,19
2024,19,MCL_PIA,PIA,25.3,0.1,20,6
2024,19,MER_HAM,HAM,25.1,-0.7,16,7
2024,19,MER_RUS,RUS,21.7,0.3,12,2
2024,19,RED_PER,PER,23.1,0.1,8,4
2024,19,RED_VER,VER,31.6,0.1,37,29
2024,19,VRB_LAW,LAW,10.2,0.5,3,0
2024,19,VRB_RIC,RIC,12,0,32,1
2024,19,VRB_TSU,TSU,10.2,-0.1,34,1
2024,19,WIL_ALB,ALB,8.8,0.5,49,1
2024,19,WIL_COL,COL,6.3,0.5,18,0
2024,19,WIL_SAR,SAR,4.6,0,16,0
2024,20,ALP_GAS,GAS,9.5,0.5,25,0
2024,20,ALP_OCO,OCO,12.8,0.5,13,0
2024,20,AST_ALO,ALO,15.9,-0.5,28,4
2024,20,AST_STR,STR,14.3,0.5,12,0
2024,20,FER_LEC,LEC,25.5,0.2,31,15
2024,20,FER_SAI,SAI,23.3,1,19,7
2024,20,HAA_BEA,BEA,13.3,0,1,0
2024,20,HAA_HUL,HUL,11.2,0.5,34,1
2024,20,HAA_MAG,MAG,12.9,0.5,18,0
2024,20,KCK_BOT,BOT,7,-0.1,28,0
2024,20,KCK_ZHO,ZHO,7.7,0.5,16,0
2024,20,MCL_NOR,NOR,27.1,0.1,30,19
2024,20,MCL_PIA,PIA,25.4,0.1,20,7
2024,20,MER_HAM,HAM,24.4,0.3,15,7
2024,20,MER_RUS,RUS,22,0.3,12,2
2024,20,RED_PER,PER,23.2,0.1,8,4
2024,20,RED_VER,VER,31.7,0.1,37,29
2024,20,VRB_LAW,LAW,10.7,-0.1,4,0
2024,20,VRB_RIC,RIC,12,0,31,1
2024,20,VRB_TSU,TSU,10.1,-0.2,33,1
2024,20,WIL_ALB,ALB,9.3,-0.2,49,1
2024,20,WIL_COL,COL,6.8,0.5,18,0
2024,20,WIL_SAR,SAR,4.6,0,16,0
2024,21,ALP_GAS,GAS,10,1,26,0
2024,21,ALP_OCO,OCO,13.3,1.5,13,0
2024,21,AST_ALO,ALO,15.4,-0.3,28,4
2024,21,AST_STR,STR,14.8,-0.2,12,0
2024,21,FER_LEC,LEC,25.7,0.1,31,15
2024,21,FER_SAI,SAI,24.3,-0.5,19,7
2024,21,HAA_BEA,BEA,13.3,0.5,2,0
2024,21,HAA_HUL,HUL,11.7,-0.2,34,1
2024,21,HAA_MAG,MAG,13.4,0,18,0
2024,21,KCK_BOT,BOT,6.9,-0.2,28,0
2024,21,KCK_ZHO,ZHO,8.2,0.5,16,0
2024,21,MCL_NOR,NOR,27.2,0.1,30,19
2024,21,MCL_PIA,PIA,25.5,0,20,7
2024,21,MER_HAM,HAM,24.7,0.1,15,7
2024,21,MER_RUS,RUS,22.3,0.3,12,2
2024,21,RED_PER,PER,23.3,0.3,8,4
2024,21,RED_VER,VER,31.8,0.2,37,29
2024,21,VRB_LAW,LAW,10.6,0.5,5,0
2024,21,VRB_RIC,RIC,12,0,30,1
2024,21,VRB_TSU,TSU,9.9,1,33,1
2024,21,WIL_ALB,ALB,9.1,-0.2,49,1
2024,21,WIL_COL,COL,7.3,-0.2,19,0
2024,21,WIL_SAR,SAR,4.6,0,15,0
2024,22,ALP_GAS,GAS,11,-0.2,27,1
2024,22,ALP_OCO,OCO,14.8,-0.2,13,0
2024,22,AST_ALO,ALO,15.1,0.1,28,4
2024,22,AST_STR,STR,14.6,-0.1,12,0
2024,22,FER_LEC,LEC,25.8,0.1,31,16
2024,22,FER_SAI,SAI,23.8,0.3,19,7
2024,22,HAA_BEA,BEA,13.8,0,1,0
2024,22,HAA_HUL,HUL,11.5,0.5,34,1
2024,22,HAA_MAG,MAG,13.4,-0.1,18,0
2024,22,KCK_BOT,BOT,6.7,-0.1,29,0
2024,22,KCK_ZHO,ZHO,8.7,-0.1,16,0
2024,22,MCL_NOR,NOR,27.3,0.1,30,19
2024,22,MCL_PIA,PIA,25.5,0.1,19,6
2024,22,MER_HAM,HAM,24.8,1,16,7
2024,22,MER_RUS,RUS,22.6,0.3,13,3
2024,22,RED_PER,PER,23.6,0.1,8,4
2024,22,RED_VER,VER,32,0.1,36,29
2024,22,VRB_LAW,LAW,11.1,-0.1,5,0
2024,22,VRB_RIC,RIC,12,0,30,1
2024,22,VRB_TSU,TSU,10.9,0.5,33,1
2024,22,WIL_ALB,ALB,8.9,-0.2,49,1
2024,22,WIL_COL,COL,7.1,0.5,19,0
2024,22,WIL_SAR,SAR,4.6,0,15,0
2024,23,ALP_GAS,GAS,10.8,1,27,1
2024,23,ALP_OCO,OCO,14.6,-0.2,13,0
2024,23,AST_ALO,ALO,15.2,0.1,28,4
2024,23,AST_STR,STR,14.5,-0.2,11,0
2024,23,FER_LEC,LEC,25.9,0.2,31,15
2024,23,FER_SAI,SAI,24.1,0.3,19,7
2024,23,HAA_BEA,BEA,13.8,0,1,0
2024,23,HAA_HUL,HUL,12,-0.2,34,1
2024,23,HAA_MAG,MAG,13.3,1,18,0
2024,23,KCK_BOT,BOT,6.6,0.5,29,0
2024,23,KCK_ZHO,ZHO,8.6,1,16,0
2024,23,MCL_NOR,NOR,27.4,0.1,30,19
2024,23,MCL_PIA,PIA,25.6,0.1,19,6
2024,23,MER_HAM,HAM,25.8,0,15,7
2024,23,MER_RUS,RUS,22.9,0.3,13,3
2024,23,RED_PER,PER,23.7,-0.5,8,4
2024,23,RED_VER,VER,32.1,0.2,36,29
2024,23,VRB_LAW,LAW,11,-0.1,5,0
2024,23,VRB_RIC,RIC,12,0,30,1
2024,23,VRB_TSU,TSU,11.4,0.5,33,1
2024,23,WIL_ALB,ALB,8.7,-0.1,48,1
2024,23,WIL_COL,COL,7.6,-0.2,19,0
2024,23,WIL_SAR,SAR,4.6,0,15,0
2024,24,ALP_DOO,DOO,10.9,0.5,1,0
2024,24,ALP_GAS,GAS,11.8,0.5,27,1
2024,24,ALP_OCO,OCO,14.4,0,13,0
2024,24,AST_ALO,ALO,15.3,0.1,28,4
2024,24,AST_STR,STR,14.3,-0.1,11,0
2024,24,FER_LEC,LEC,26.1,0.2,31,15
2024,24,FER_SAI,SAI,24.4,0.3,19,7
2024,24,HAA_BEA,BEA,13.8,0,1,0
2024,24,HAA_HUL,HUL,11.8,0.5,34,1
2024,24,HAA_MAG,MAG,14.3,0.5,18,0
2024,24,KCK_BOT,BOT,7.1,-0.2,29,0
2024,24,KCK_ZHO,ZHO,9.6,0.5,16,0
2024,24,MCL_NOR,NOR,27.5,0.1,30,19
2024,24,MCL_PIA,PIA,25.7,0,19,6
2024,24,MER_HAM,HAM,25.8,0.1,15,7
2024,24,MER_RUS,RUS,23.2,0.1,13,3
2024,24,RED_PER,PER,23.2,-0.5,8,4
2024,24,RED_VER,VER,32.3,0.1,36,29
2024,24,VRB_LAW,LAW,10.9,-0.2,5,0
2024,24,VRB_RIC,RIC,12,0,30,1
2024,24,VRB_TSU,TSU,11.9,0.5,33,1
2024,24,WIL_ALB,ALB,8.6,0.5,48,1
2024,24,WIL_COL,COL,7.4,-0.2,19,0
2024,24,WIL_SAR,SAR,4.6,0,15,0
2025,1,ALP_DOO,DOO,7.2,-0.6,21,0
2025,1,ALP_GAS,GAS,11.8,-0.6,17,1
2025,1,AST_ALO,ALO,8.8,-0.6,47,1
2025,1,AST_STR,STR,8.1,0.6,7,0
2025,1,FER_HAM,HAM,24.2,-0.3,17,12
2025,1,FER_LEC,LEC,25.9,-0.3,21,17
2025,1,HAA_BEA,BEA,6.7,-0.6,46,0
2025,1,HAA_OCO,OCO,7.3,0.2,29,0
2025,1,KCK_BOR,BOR,6,-0.6,22,0
2025,1,KCK_HUL,HUL,6.4,0.6,35,0
2025,1,MCL_NOR,NOR,29,0.3,22,19
2025,1,MCL_PIA,PIA,23,-0.3,26,20
2025,1,MER_ANT,ANT,18.4,0.6,11,2
2025,1,MER_RUS,RUS,21,0.1,8,3
2025,1,RED_LAW,LAW,18,-0.6,7,1
2025,1,RED_VER,VER,28.4,0.1,16,14
2025,1,VRB_HAD,HAD,6.2,-0.6,40,0
2025,1,VRB_TSU,TSU,9.6,-0.6,31,1
2025,1,WIL_ALB,ALB,12,0.6,15,0
2025,1,WIL_SAI,SAI,13.1,-0.6,62,9
2025,2,ALP_DOO,DOO,6.6,-0.6,18,0
2025,2,ALP_GAS,GAS,11.2,-0.6,16,0
2025,2,AST_ALO,ALO,8.2,-0.6,43,1
2025,2,AST_STR,STR,8.7,0.6,10,0
2025,2,FER_HAM,HAM,23.9,-0.3,15,11
2025,2,FER_LEC,LEC,25.6,-0.3,17,13
2025,2,HAA_BEA,BEA,6.1,0.6,42,0
2025,2,HAA_OCO,OCO,7.5,0.6,25,0
2025,2,KCK_BOR,BOR,5.4,-0.6,24,0
2025,2,KCK_HUL,HUL,7,0.6,37,0
2025,2,MCL_NOR,NOR,29.3,0.3,26,22
2025,2,MCL_PIA,PIA,22.7,0.3,26,20
2025,2,MER_ANT,ANT,19,0.3,15,3
2025,2,MER_RUS,RUS,21.1,0.3,9,3
2025,2,RED_LAW,LAW,17.4,-0.6,5,1
2025,2,RED_VER,VER,28.5,0.1,18,14
2025,2,VRB_HAD,HAD,5.6,-0.6,41,0
2025,2,VRB_TSU,TSU,9,-0.6,37,1
2025,2,WIL_ALB,ALB,12.6,0.2,24,2
2025,2,WIL_SAI,SAI,12.5,-0.6,53,7
2025,3,ALP_DOO,DOO,6,-0.6,16,0
2025,3,ALP_GAS,GAS,10.6,-0.6,15,0
2025,3,AST_ALO,ALO,7.6,-0.6,36,1
2025,3,AST_STR,STR,9.3,0.6,14,0
2025,3,FER_HAM,HAM,23.6,-0.3,14,10
2025,3,FER_LEC,LEC,25.3,-0.3,14,11
2025,3,HAA_BEA,BEA,6.7,0.6,47,1
2025,3,HAA_OCO,OCO,8.1,0.6,30,0
2025,3,KCK_BOR,BOR,4.8,-0.3,24,0
2025,3,KCK_HUL,HUL,7.6,0.2,35,0
2025,3,MCL_NOR,NOR,29.6,0.3,27,23
2025,3,MCL_PIA,PIA,23,0.1,29,23
2025,3,MER_ANT,ANT,19.3,0.3,17,4
2025,3,MER_RUS,RUS,21.4,0.3,11,4
2025,3,RED_LAW,LAW,16.8,0,3,0
2025,3,RED_TSU,TSU,16.8,-0.2,4,1
2025,3,RED_VER,VER,28.6,0.1,17,13
2025,3,VRB_HAD,HAD,5,-0.5,46,0
2025,3,VRB_LAW,LAW,8.4,-0.6,6,0
2025,3,VRB_TSU,TSU,8.4,0,24,1
2025,3,WIL_ALB,ALB,12.8,0.2,29,2
2025,3,WIL_SAI,SAI,11.9,-0.6,43,5
2025,4,ALP_DOO,DOO,5.4,0.2,18,0
2025,4,ALP_GAS,GAS,10,-0.6,15,0
2025,4,AST_ALO,ALO,7,-0.6,33,1
2025,4,AST_STR,STR,9.9,-0.2,13,0
2025,4,FER_HAM,HAM,23.3,-0.1,13,9
2025,4,FER_LEC,LEC,25,-0.3,14,10
2025,4,HAA_BEA,BEA,7.3,0.6,52,1
2025,4,HAA_OCO,OCO,8.7,0.6,30,0
2025,4,KCK_BOR,BOR,4.5,0,24,0
2025,4,KCK_HUL,HUL,7.8,-0.6,32,0
2025,4,MCL_NOR,NOR,29.9,0.1,26,22
2025,4,MCL_PIA,PIA,23.1,0.3,31,24
2025,4,MER_ANT,ANT,19.6,0.1,19,5
2025,4,MER_RUS,RUS,21.7,0.3,11,4
2025,4,RED_LAW,LAW,16.8,0,3,0
2025,4,RED_TSU,TSU,16.6,-0.2,4,1
2025,4,RED_VER,VER,28.7,0.1,17,14
2025,4,VRB_HAD,HAD,4.5,0.6,53,1
2025,4,VRB_LAW,LAW,7.8,-0.6,5,0
2025,4,VRB_TSU,TSU,8.4,0,19,1
2025,4,WIL_ALB,ALB,13,-0.2,30,2
2025,4,WIL_SAI,SAI,11.3,-0.6,40,5
2025,5,ALP_DOO,DOO,5.6,-0.6,19,0
2025,5,ALP_GAS,GAS,9.4,-0.6,18,1
2025,5,AST_ALO,ALO,6.4,-0.2,32,1
2025,5,AST_STR,STR,9.7,-0.6,11,0
2025,5,FER_HAM,HAM,23.2,0.1,12,8
2025,5,FER_LEC,LEC,24.7,-0.1,13,10
2025,5,HAA_BEA,BEA,7.9,0.6,53,1
2025,5,HAA_OCO,OCO,9.3,-0.2,29,0
2025,5,KCK_BOR,BOR,4.5,0,24,0
2025,5,KCK_HUL,HUL,7.2,-0.6,29,0
2025,5,MCL_NOR,NOR,30,0.1,25,21
2025,5,MCL_PIA,PIA,23.4,0.3,34,27
2025,5,MER_ANT,ANT,19.7,-0.1,19,5
2025,5,MER_RUS,RUS,22,0.1,12,5
2025,5,RED_LAW,LAW,16.8,0,2,0
2025,5,RED_TSU,TSU,16.4,-0.6,5,1
2025,5,RED_VER,VER,28.8,0.1,17,13
2025,5,VRB_HAD,HAD,5.1,0.6,55,1
2025,5,VRB_LAW,LAW,7.2,-0.6,6,0
2025,5,VRB_TSU,TSU,8.4,0,17,1
2025,5,WIL_ALB,ALB,12.8,-0.2,30,2
2025,5,WIL_SAI,SAI,10.7,-0.6,38,4
2025,6,ALP_DOO,DOO,5,-0.5,19,0
2025,6,ALP_GAS,GAS,8.8,-0.6,18,1
2025,6,AST_ALO,ALO,6.2,-0.6,32,1
2025,6,AST_STR,STR,9.1,0.6,10,0
2025,6,FER_HAM,HAM,23.3,0.3,12,8
2025,6,FER_LEC,LEC,24.6,-0.3,13,9
2025,6,HAA_BEA,BEA,8.5,0.2,53,1
2025,6,HAA_OCO,OCO,9.1,0.2,28,0
2025,6,KCK_BOR,BOR,4.5,0,24,0
2025,6,KCK_HUL,HUL,6.6,-0.6,27,0
2025,6,MCL_NOR,NOR,30.1,0.3,24,20
2025,6,MCL_PIA,PIA,23.7,0.3,36,29
2025,6,MER_ANT,ANT,19.6,-0.1,20,5
2025,6,MER_RUS,RUS,22.1,0.1,12,5
2025,6,RED_LAW,LAW,16.8,0,2,0
2025,6,RED_TSU,TSU,15.8,-0.6,5,1
2025,6,RED_VER,VER,28.9,-0.1,17,13
2025,6,VRB_HAD,HAD,5.7,-0.2,57,1
2025,6,VRB_LAW,LAW,6.6,-0.6,7,0
2025,6,VRB_TSU,TSU,8.4,0,15,1
2025,6,WIL_ALB,ALB,12.6,0.2,30,2
2025,6,WIL_SAI,SAI,10.1,-0.6,39,4
2025,7,ALP_COL,COL,4.5,0,9,0
2025,7,ALP_DOO,DOO,4.5,0,15,0
2025,7,ALP_GAS,GAS,8.2,-0.6,19,0
2025,7,AST_ALO,ALO,5.6,-0.6,31,1
2025,7,AST_STR,STR,9.7,-0.2,11,0
2025,7,FER_HAM,HAM,23.6,0.1,11,7
2025,7,FER_LEC,LEC,24.3,-0.3,12,9
2025,7,HAA_BEA,BEA,8.7,-0.6,49,1
2025,7,HAA_OCO,OCO,9.3,-0.6,27,0
2025,7,KCK_BOR,BOR,4.5,0,24,0
2025,7,KCK_HUL,HUL,6,0.2,28,0
2025,7,MCL_NOR,NOR,30.4,0.3,23,19
2025,7,MCL_PIA,PIA,24,0.3,39,31
2025,7,MER_ANT,ANT,19.5,-0.3,20,5
2025,7,MER_RUS,RUS,22.2,0.1,12,5
2025,7,RED_LAW,LAW,16.8,0,2,0
2025,7,RED_TSU,TSU,15.2,-0.6,5,1
2025,7,RED_VER,VER,28.8,0.3,16,13
2025,7,VRB_HAD,HAD,5.5,-0.2,56,1
2025,7,VRB_LAW,LAW,6,-0.6,6,0
2025,7,VRB_TSU,TSU,8.4,0,14,0
2025,7,WIL_ALB,ALB,12.8,0.6,31,2
2025,7,WIL_SAI,SAI,9.5,-0.2,40,4
2025,8,ALP_COL,COL,4.5,0,11,0
2025,8,ALP_DOO,DOO,4.5,0,12,0
2025,8,ALP_GAS,GAS,7.6,-0.6,19,0
2025,8,AST_ALO,ALO,5,-0.5,33,1
2025,8,AST_STR,STR,9.5,0.2,11,0
2025,8,FER_HAM,HAM,23.7,0.1,11,7
2025,8,FER_LEC,LEC,24,-0.1,14,10
2025,8,HAA_BEA,BEA,8.1,-0.6,46,1
2025,8,HAA_OCO,OCO,8.7,-0.6,25,0
2025,8,KCK_BOR,BOR,4.5,0,23,0
2025,8,KCK_HUL,HUL,6.2,-0.2,29,0
2025,8,MCL_NOR,NOR,30.7,0.3,22,18
2025,8,MCL_PIA,PIA,24.3,0.3,38,30
2025,8,MER_ANT,ANT,19.2,-0.3,19,5
2025,8,MER_RUS,RUS,22.3,-0.1,11,4
2025,8,RED_LAW,LAW,16.8,0,2,0
2025,8,RED_TSU,TSU,14.6,-0.2,5,1
2025,8,RED_VER,VER,29.1,0.1,17,13
2025,8,VRB_HAD,HAD,5.3,0.2,56,1
2025,8,VRB_LAW,LAW,5.4,-0.6,7,0
2025,8,VRB_TSU,TSU,8.4,0,14,0
2025,8,WIL_ALB,ALB,13.4,0.2,33,2
2025,8,WIL_SAI,SAI,9.3,-0.6,41,4
2025,9,ALP_COL,COL,4.5,0,11,0
2025,9,ALP_DOO,DOO,4.5,0,12,0
2025,9,ALP_GAS,GAS,7,-0.6,19,0
2025,9,AST_ALO,ALO,4.5,0,34,1
2025,9,AST_STR,STR,9.7,-0.6,11,0
2025,9,FER_HAM,HAM,23.8,-0.1,11,7
2025,9,FER_LEC,LEC,23.9,0.3,14,10
2025,9,HAA_BEA,BEA,7.5,-0.6,45,1
2025,9,HAA_OCO,OCO,8.1,-0.6,25,0
2025,9,KCK_BOR,BOR,4.5,0,22,0
2025,9,KCK_HUL,HUL,6,0.6,29,0
2025,9,MCL_NOR,NOR,31,0.1,23,19
2025,9,MCL_PIA,PIA,24.6,0.3,38,31
2025,9,MER_ANT,ANT,18.9,-0.3,19,4
2025,9,MER_RUS,RUS,22.2,-0.3,11,4
2025,9,RED_LAW,LAW,16.8,0,2,0
2025,9,RED_TSU,TSU,14.4,-0.6,5,1
2025,9,RED_VER,VER,29.2,0.1,17,13
2025,9,VRB_HAD,HAD,5.5,0.6,57,1
2025,9,VRB_LAW,LAW,4.8,0.6,9,0
2025,9,VRB_TSU,TSU,8.4,0,13,0
2025,9,WIL_ALB,ALB,13.6,-0.6,32,2
2025,9,WIL_SAI,SAI,8.7,-0.2,42,4
2025,10,ALP_COL,COL,4.5,0.2,11,0
2025,10,ALP_DOO,DOO,4.5,0,11,0
2025,10,ALP_GAS,GAS,6.4,-0.6,18,0
2025,10,AST_ALO,ALO,4.5,0.6,35,1
2025,10,AST_STR,STR,9.1,-0.6,10,0
2025,10,FER_HAM,HAM,23.7,-0.1,11,7
2025,10,FER_LEC,LEC,24.2,0.1,14,9
2025,10,HAA_BEA,BEA,6.9,-0.2,44,1
2025,10,HAA_OCO,OCO,7.5,0.2,24,0
2025,10,KCK_BOR,BOR,4.5,0,22,0
2025,10,KCK_HUL,HUL,6.6,0.6,30,0
2025,10,MCL_NOR,NOR,31.1,-0.1,23,19
2025,10,MCL_PIA,PIA,24.9,0.3,39,31
2025,10,MER_ANT,ANT,18.6,-0.3,18,4
2025,10,MER_RUS,RUS,21.9,0.1,11,4
2025,10,RED_LAW,LAW,16.8,0,2,0
2025,10,RED_TSU,TSU,13.8,-0.6,5,1
2025,10,RED_VER,VER,29.3,-0.1,17,13
2025,10,VRB_HAD,HAD,6.1,0.6,58,1
2025,10,VRB_LAW,LAW,5.4,-0.6,11,0
2025,10,VRB_TSU,TSU,8.4,0,13,0
2025,10,WIL_ALB,ALB,13,-0.6,32,2
2025,10,WIL_SAI,SAI,8.5,-0.2,41,4
2025,11,ALP_COL,COL,4.7,0.2,11,0
2025,11,ALP_DOO,DOO,4.5,0,10,0
2025,11,ALP_GAS,GAS,5.8,0.2,18,0
2025,11,AST_ALO,ALO,5.1,0.6,37,1
2025,11,AST_STR,STR,8.5,-0.6,10,0
2025,11,FER_HAM,HAM,23.6,-0.1,11,7
2025,11,FER_LEC,LEC,24.3,0.1,13,9
2025,11,HAA_BEA,BEA,6.7,0.2,43,1
2025,11,HAA_OCO,OCO,7.7,0.6,24,0
2025,11,KCK_BOR,BOR,4.5,0.6,22,0
2025,11,KCK_HUL,HUL,7.2,0.6,32,0
2025,11,MCL_NOR,NOR,31,-0.1,22,18
2025,11,MCL_PIA,PIA,25.2,0.3,39,32
2025,11,MER_ANT,ANT,18.3,-0.6,19,4
2025,11,MER_RUS,RUS,22,0.3,12,5
2025,11,RED_LAW,LAW,16.8,0,2,0
2025,11,RED_TSU,TSU,13.2,-0.2,5,1
2025,11,RED_VER,VER,29.2,-0.3,17,13
2025,11,VRB_HAD,HAD,6.7,0.2,58,1
2025,11,VRB_LAW,LAW,4.8,-0.3,10,0
2025,11,VRB_TSU,TSU,8.4,0,13,0
2025,11,WIL_ALB,ALB,12.4,-0.6,31,2
2025,11,WIL_SAI,SAI,8.3,-0.6,41,4
2025,12,ALP_COL,COL,4.9,-0.4,11,0
2025,12,ALP_DOO,DOO,4.5,0,10,0
2025,12,ALP_GAS,GAS,6,0.6,18,0
2025,12,AST_ALO,ALO,5.7,0.6,37,1
2025,12,AST_STR,STR,7.9,0.6,10,0
2025,12,FER_HAM,HAM,23.5,-0.1,12,8
2025,12,FER_LEC,LEC,24.4,-0.3,14,9
2025,12,HAA_BEA,BEA,6.9,0.6,43,1
2025,12,HAA_OCO,OCO,8.3,0.6,25,0
2025,12,KCK_BOR,BOR,5.1,-0.2,24,0
2025,12,KCK_HUL,HUL,7.8,0.6,32,0
2025,12,MCL_NOR,NOR,30.9,-0.1,23,19
2025,12,MCL_PIA,PIA,25.5,0.3,39,32
2025,12,MER_ANT,ANT,17.7,-0.6,19,4
2025,12,MER_RUS,RUS,22.3,0.1,12,4
2025,12,RED_LAW,LAW,16.8,0,2,0
2025,12,RED_TSU,TSU,13,-0.6,5,1
2025,12,RED_VER,VER,28.9,-0.3,16,13
2025,12,VRB_HAD,HAD,6.9,-0.6,57,1
2025,12,VRB_LAW,LAW,4.5,0,11,0
2025,12,VRB_TSU,TSU,8.4,0,12,0
2025,12,WIL_ALB,ALB,11.8,-0.6,30,2
2025,12,WIL_SAI,SAI,7.7,-0.6,39,4
2025,13,ALP_COL,COL,4.5,0,10,0
2025,13,ALP_DOO,DOO,4.5,0,10,0
2025,13,ALP_GAS,GAS,6.6,-0.6,19,0
2025,13,AST_ALO,ALO,6.3,0.6,37,1
2025,13,AST_STR,STR,8.5,0.6,10,0
2025,13,FER_HAM,HAM,23.4,0.3,12,7
2025,13,FER_LEC,LEC,24.1,-0.1,14,9
2025,13,HAA_BEA,BEA,7.5,0.6,44,1
2025,13,HAA_OCO,OCO,8.9,0.2,25,0
2025,13,KCK_BOR,BOR,4.9,-0.2,24,0
2025,13,KCK_HUL,HUL,8.4,0.6,34,1
2025,13,MCL_NOR,NOR,30.8,0.3,23,18
2025,13,MCL_PIA,PIA,25.8,0.3,40,32
2025,13,MER_ANT,ANT,17.1,-0.6,19,4
2025,13,MER_RUS,RUS,22.4,-0.1,11,4
2025,13,RED_LAW,LAW,16.8,0,2,0
2025,13,RED_TSU,TSU,12.4,-0.6,5,1
2025,13,RED_VER,VER,28.6,-0.3,16,13
2025,13,VRB_HAD,HAD,6.3,-0.6,55,1
2025,13,VRB_LAW,LAW,4.5,0,12,0
2025,13,VRB_TSU,TSU,8.4,0,12,0
2025,13,WIL_ALB,ALB,11.2,-0.6,29,2
2025,13,WIL_SAI,SAI,7.1,-0.6,39,4
2025,14,ALP_COL,COL,4.5,0,10,0
2025,14,ALP_DOO,DOO,4.5,0,9,0
2025,14,ALP_GAS,GAS,6,-0.6,19,0
2025,14,AST_ALO,ALO,6.9,0.6,37,1
2025,14,AST_STR,STR,9.1,0.6,11,0
2025,14,FER_HAM,HAM,23.7,0.1,11,7
2025,14,FER_LEC,LEC,24,-0.1,14,9
2025,14,HAA_BEA,BEA,8.1,-0.6,44,1
2025,14,HAA_OCO,OCO,9.1,-0.6,25,0
2025,14,KCK_BOR,BOR,4.7,-0.2,24,0
2025,14,KCK_HUL,HUL,9,0.6,34,1
2025,14,MCL_NOR,NOR,31.1,0.3,22,18
2025,14,MCL_PIA,PIA,26.1,0.3,40,32
2025,14,MER_ANT,ANT,16.5,-0.6,19,4
2025,14,MER_RUS,RUS,22.3,0.1,11,4
2025,14,RED_LAW,LAW,16.8,0,2,0
2025,14,RED_TSU,TSU,11.8,-0.6,5,1
2025,14,RED_VER,VER,28.3,-0.1,16,13
2025,14,VRB_HAD,HAD,5.7,-0.6,54,1
2025,14,VRB_LAW,LAW,4.5,0,12,0
2025,14,VRB_TSU,TSU,8.4,0,12,0
2025,14,WIL_ALB,ALB,10.6,0.6,29,2
2025,14,WIL_SAI,SAI,6.5,-0.6,39,4
2025,15,ALP_COL,COL,4.5,0,10,0
2025,15,ALP_DOO,DOO,4.5,0,9,0
2025,15,ALP_GAS,GAS,5.4,-0.6,18,0
2025,15,AST_ALO,ALO,7.5,0.6,38,1
2025,15,AST_STR,STR,9.7,0.6,11,0
2025,15,FER_HAM,HAM,23.8,-0.3,11,7
2025,15,FER_LEC,LEC,23.9,-0.3,14,9
2025,15,HAA_BEA,BEA,7.5,-0.2,43,1
2025,15,HAA_OCO,OCO,8.5,0.2,24,0
2025,15,KCK_BOR,BOR,4.5,0.6,26,0
2025,15,KCK_HUL,HUL,9.6,0.2,33,1
2025,15,MCL_NOR,NOR,31.4,-0.1,23,19
2025,15,MCL_PIA,PIA,26.4,0.3,40,32
2025,15,MER_ANT,ANT,15.9,-0.2,19,4
2025,15,MER_RUS,RUS,22.4,0.1,11,4
2025,15,RED_LAW,LAW,16.8,0,2,0
2025,15,RED_TSU,TSU,11.2,-0.6,5,0
2025,15,RED_VER,VER,28.2,-0.1,16,12
2025,15,VRB_HAD,HAD,5.1,0.6,54,1
2025,15,VRB_LAW,LAW,4.5,0.6,13,0
2025,15,VRB_TSU,TSU,8.4,0,12,0
2025,15,WIL_ALB,ALB,11.2,0.6,29,2
2025,15,WIL_SAI,SAI,5.9,-0.2,39,4
2025,16,ALP_COL,COL,4.5,0,9,0
2025,16,ALP_DOO,DOO,4.5,0,9,0
2025,16,ALP_GAS,GAS,4.8,-0.3,18,0
2025,16,AST_ALO,ALO,8.1,-0.2,37,1
2025,16,AST_STR,STR,10.3,0.2,11,0
2025,16,FER_HAM,HAM,23.5,-0.3,11,7
2025,16,FER_LEC,LEC,23.6,-0.3,14,9
2025,16,HAA_BEA,BEA,7.3,-0.6,42,1
2025,16,HAA_OCO,OCO,8.7,-0.2,24,0
2025,16,KCK_BOR,BOR,5.1,0.6,27,0
2025,16,KCK_HUL,HUL,9.8,-0.6,32,1
2025,16,MCL_NOR,NOR,31.3,-0.1,23,19
2025,16,MCL_PIA,PIA,26.7,0.3,40,32
2025,16,MER_ANT,ANT,15.7,-0.6,19,4
2025,16,MER_RUS,RUS,22.5,0.1,11,4
2025,16,RED_LAW,LAW,16.8,0,2,0
2025,16,RED_TSU,TSU,10.6,-0.6,5,0
2025,16,RED_VER,VER,28.1,0.1,16,12
2025,16,VRB_HAD,HAD,5.7,0.6,55,1
2025,16,VRB_LAW,LAW,5.1,0.2,12,0
2025,16,VRB_TSU,TSU,8.4,0,11,0
2025,16,WIL_ALB,ALB,11.8,0.6,29,2
2025,16,WIL_SAI,SAI,5.7,-0.6,40,4
2025,17,ALP_COL,COL,4.5,0,9,0
2025,17,ALP_DOO,DOO,4.5,0,9,0
2025,17,ALP_GAS,GAS,4.5,0,18,0
2025,17,AST_ALO,ALO,7.9,-0.6,36,1
2025,17,AST_STR,STR,10.5,-0.6,10,0
2025,17,FER_HAM,HAM,23.2,-0.3,11,7
2025,17,FER_LEC,LEC,23.3,-0.3,14,9
2025,17,HAA_BEA,BEA,6.7,0.6,43,1
2025,17,HAA_OCO,OCO,8.5,-0.2,23,0
2025,17,KCK_BOR,BOR,5.7,0.2,27,0
2025,17,KCK_HUL,HUL,9.2,-0.6,32,1
2025,17,MCL_NOR,NOR,31.2,-0.3,22,18
2025,17,MCL_PIA,PIA,27,-0.1,40,32
2025,17,MER_ANT,ANT,15.1,-0.2,19,4
2025,17,MER_RUS,RUS,22.6,0.1,11,4
2025,17,RED_LAW,LAW,16.8,0,2,0
2025,17,RED_TSU,TSU,10,-0.2,5,0
2025,17,RED_VER,VER,28.2,0.3,17,13
2025,17,VRB_HAD,HAD,6.3,0.6,56,1
2025,17,VRB_LAW,LAW,5.3,0.6,12,0
2025,17,VRB_TSU,TSU,8.4,0,11,0
2025,17,WIL_ALB,ALB,12.4,0.6,30,2
2025,17,WIL_SAI,SAI,5.1,0.6,41,4
2025,18,ALP_COL,COL,4.5,0,9,0
2025,18,ALP_DOO,DOO,4.5,0,9,0
2025,18,ALP_GAS,GAS,4.5,0,19,0
2025,18,AST_ALO,ALO,7.3,-0.6,35,1
2025,18,AST_STR,STR,9.9,-0.6,10,0
2025,18,FER_HAM,HAM,22.9,-0.1,11,7
2025,18,FER_LEC,LEC,23,-0.1,14,9
2025,18,HAA_BEA,BEA,7.3,-0.2,42,1
2025,18,HAA_OCO,OCO,8.3,-0.6,23,0
2025,18,KCK_BOR,BOR,5.9,0.2,27,0
2025,18,KCK_HUL,HUL,8.6,-0.6,31,1
2025,18,MCL_NOR,NOR,30.9,-0.1,22,18
2025,18,MCL_PIA,PIA,26.9,-0.3,39,32
2025,18,MER_ANT,ANT,14.9,0.2,19,4
2025,18,MER_RUS,RUS,22.7,0.3,11,4
2025,18,RED_LAW,LAW,16.8,0,2,0
2025,18,RED_TSU,TSU,9.8,-0.2,6,1
2025,18,RED_VER,VER,28.5,0.3,18,14
2025,18,VRB_HAD,HAD,6.9,0.2,57,1
2025,18,VRB_LAW,LAW,5.9,0.6,12,0
2025,18,VRB_TSU,TSU,8.4,0,11,0
2025,18,WIL_ALB,ALB,13,-0.2,29,2
2025,18,WIL_SAI,SAI,5.7,0.6,42,4
2025,19,ALP_COL,COL,4.5,0,9,0
2025,19,ALP_DOO,DOO,4.5,0,9,0
2025,19,ALP_GAS,GAS,4.5,0,19,0
2025,19,AST_ALO,ALO,6.7,-0.6,36,1
2025,19,AST_STR,STR,9.3,-0.6,10,0
2025,19,FER_HAM,HAM,22.8,-0.1,11,7
2025,19,FER_LEC,LEC,22.9,0.1,14,9
2025,19,HAA_BEA,BEA,7.1,0.6,42,1
2025,19,HAA_OCO,OCO,7.7,-0.6,22,0
2025,19,KCK_BOR,BOR,6.1,0.6,26,0
2025,19,KCK_HUL,HUL,8,-0.6,32,1
2025,19,MCL_NOR,NOR,30.8,-0.3,22,18
2025,19,MCL_PIA,PIA,26.6,-0.3,39,30
2025,19,MER_ANT,ANT,15.1,0.6,20,4
2025,19,MER_RUS,RUS,23,0.3,12,5
2025,19,RED_LAW,LAW,16.8,0,2,0
2025,19,RED_TSU,TSU,9.6,0.6,6,1
2025,19,RED_VER,VER,28.8,0.3,19,15
2025,19,VRB_HAD,HAD,7.1,-0.6,56,1
2025,19,VRB_LAW,LAW,6.5,0.6,12,0
2025,19,VRB_TSU,TSU,8.4,0,11,0
2025,19,WIL_ALB,ALB,12.8,0.2,29,2
2025,19,WIL_SAI,SAI,6.3,0.6,44,4
2025,20,ALP_COL,COL,4.5,0.2,10,0
2025,20,ALP_DOO,DOO,4.5,0,9,0
2025,20,ALP_GAS,GAS,4.5,0.2,20,0
2025,20,AST_ALO,ALO,6.1,-0.6,37,1
2025,20,AST_STR,STR,8.7,-0.2,10,0
2025,20,FER_HAM,HAM,22.7,0.1,11,7
2025,20,FER_LEC,LEC,23,0.3,14,9
2025,20,HAA_BEA,BEA,7.7,0.6,42,1
2025,20,HAA_OCO,OCO,7.1,-0.6,22,0
2025,20,KCK_BOR,BOR,6.7,0.6,26,0
2025,20,KCK_HUL,HUL,7.4,-0.6,32,1
2025,20,MCL_NOR,NOR,30.5,-0.1,22,18
2025,20,MCL_PIA,PIA,26.3,-0.3,37,29
2025,20,MER_ANT,ANT,15.7,0.6,20,4
2025,20,MER_RUS,RUS,23.3,0.1,12,5
2025,20,RED_LAW,LAW,16.8,0,2,0
2025,20,RED_TSU,TSU,10.2,0.6,6,1
2025,20,RED_VER,VER,29.1,0.1,21,16
2025,20,VRB_HAD,HAD,6.5,-0.6,56,1
2025,20,VRB_LAW,LAW,7.1,-0.6,12,0
2025,20,VRB_TSU,TSU,8.4,0,11,0
2025,20,WIL_ALB,ALB,13,0.2,28,2
2025,20,WIL_SAI,SAI,6.9,-0.6,44,4
2025,21,ALP_COL,COL,4.7,-0.2,10,0
2025,21,ALP_DOO,DOO,4.5,0,8,0
2025,21,ALP_GAS,GAS,4.7,0.6,20,0
2025,21,AST_ALO,ALO,5.5,-0.6,37,1
2025,21,AST_STR,STR,8.5,-0.6,10,0
2025,21,FER_HAM,HAM,22.8,-0.3,11,7
2025,21,FER_LEC,LEC,23.3,0.1,14,9
2025,21,HAA_BEA,BEA,8.3,0.6,42,1
2025,21,HAA_OCO,OCO,6.5,0.2,22,0
2025,21,KCK_BOR,BOR,7.3,-0.6,26,0
2025,21,KCK_HUL,HUL,6.8,-0.6,32,1
2025,21,MCL_NOR,NOR,30.4,0.1,23,19
2025,21,MCL_PIA,PIA,26,-0.3,36,28
2025,21,MER_ANT,ANT,16.3,0.6,20,4
2025,21,MER_RUS,RUS,23.4,0.1,12,5
2025,21,RED_LAW,LAW,16.8,0,2,0
2025,21,RED_TSU,TSU,10.8,0.6,6,1
2025,21,RED_VER,VER,29.2,0.3,20,16
2025,21,VRB_HAD,HAD,5.9,-0.2,55,1
2025,21,VRB_LAW,LAW,6.5,-0.6,12,0
2025,21,VRB_TSU,TSU,8.4,0,11,0
2025,21,WIL_ALB,ALB,13.2,0.6,28,2
2025,21,WIL_SAI,SAI,6.3,0.2,43,4
2025,22,ALP_COL,COL,4.5,0,10,0
2025,22,ALP_DOO,DOO,4.5,0,8,0
2025,22,ALP_GAS,GAS,5.3,0.6,21,0
2025,22,AST_ALO,ALO,4.9,-0.4,37,1
2025,22,AST_STR,STR,7.9,-0.6,10,0
2025,22,FER_HAM,HAM,22.5,-0.3,11,7
2025,22,FER_LEC,LEC,23.4,-0.1,14,9
2025,22,HAA_BEA,BEA,8.9,0.6,43,1
2025,22,HAA_OCO,OCO,6.7,0.6,22,0
2025,22,KCK_BOR,BOR,6.7,-0.6,25,0
2025,22,KCK_HUL,HUL,6.2,-0.6,31,1
2025,22,MCL_NOR,NOR,30.5,-0.1,23,19
2025,22,MCL_PIA,PIA,25.7,-0.3,35,27
2025,22,MER_ANT,ANT,16.9,0.6,21,4
2025,22,MER_RUS,RUS,23.5,0.1,12,5
2025,22,RED_LAW,LAW,16.8,0,2,0
2025,22,RED_TSU,TSU,11.4,-0.2,6,1
2025,22,RED_VER,VER,29.5,0.3,20,16
2025,22,VRB_HAD,HAD,5.7,0.6,56,1
2025,22,VRB_LAW,LAW,5.9,-0.6,12,0
2025,22,VRB_TSU,TSU,8.4,0,11,0
2025,22,WIL_ALB,ALB,13.8,-0.6,28,2
2025,22,WIL_SAI,SAI,6.5,0.6,43,4
2025,23,ALP_COL,COL,4.5,0,10,0
2025,23,ALP_DOO,DOO,4.5,0,8,0
2025,23,ALP_GAS,GAS,5.9,0.6,20,0
2025,23,AST_ALO,ALO,4.5,0.2,37,1
2025,23,AST_STR,STR,7.3,-0.6,10,0
2025,23,FER_HAM,HAM,22.2,-0.3,11,7
2025,23,FER_LEC,LEC,23.3,-0.3,14,9
2025,23,HAA_BEA,BEA,9.5,-0.2,43,1
2025,23,HAA_OCO,OCO,7.3,0.6,22,0
2025,23,KCK_BOR,BOR,6.1,-0.6,24,0
2025,23,KCK_HUL,HUL,5.6,-0.6,32,1
2025,23,MCL_NOR,NOR,30.4,-0.1,23,19
2025,23,MCL_PIA,PIA,25.4,-0.3,35,27
2025,23,MER_ANT,ANT,17.5,0.6,21,5
2025,23,MER_RUS,RUS,23.6,0.1,12,5
2025,23,RED_LAW,LAW,16.8,0,2,0
2025,23,RED_TSU,TSU,11.2,0.2,6,1
2025,23,RED_VER,VER,29.8,0.3,21,16
2025,23,VRB_HAD,HAD,6.3,0.6,56,1
2025,23,VRB_LAW,LAW,5.3,0.6,12,0
2025,23,VRB_TSU,TSU,8.4,0,11,0
2025,23,WIL_ALB,ALB,13.2,-0.6,27,2
2025,23,WIL_SAI,SAI,7.1,0.6,44,4
2025,24,ALP_COL,COL,4.5,0,10,0
2025,24,ALP_DOO,DOO,4.5,0,8,0
2025,24,ALP_GAS,GAS,6.5,-0.6,20,0
2025,24,AST_ALO,ALO,4.7,0.6,38,1
2025,24,AST_STR,STR,6.7,-0.6,10,0
2025,24,FER_HAM,HAM,21.9,-0.1,11,7
2025,24,FER_LEC,LEC,23,0.1,14,9
2025,24,HAA_BEA,BEA,9.3,-0.6,43,1
2025,24,HAA_OCO,OCO,7.9,0.6,22,0
2025,24,KCK_BOR,BOR,5.5,-0.6,24,0
2025,24,KCK_HUL,HUL,5,0.2,32,1
2025,24,MCL_NOR,NOR,30.3,-0.3,23,19
2025,24,MCL_PIA,PIA,25.1,-0.1,35,27
2025,24,MER_ANT,ANT,18.1,0.2,21,5
2025,24,MER_RUS,RUS,23.7,0.1,12,5
2025,24,RED_LAW,LAW,16.8,0,2,0
2025,24,RED_TSU,TSU,11.4,-0.2,6,1
2025,24,RED_VER,VER,30.1,0.3,21,16
2025,24,VRB_HAD,HAD,6.9,-0.2,56,1
2025,24,VRB_LAW,LAW,5.9,-0.2,12,0
2025,24,VRB_TSU,TSU,8.4,0,11,0
2025,24,WIL_ALB,ALB,12.6,-0.6,27,2
2025,24,WIL_SAI,SAI,7.7,0.6,44,4
